id,reference,forename,surname,abbreviation,nationality,permanent_car_number,date_of_birth,wikipedia,country_code
276,allison,Cliff,Allison,,British,,1932-02-08,http://en.wikipedia.org/wiki/Cliff_Allison,GBR
319,ashdown,Peter,Ashdown,,British,,1934-10-16,http://en.wikipedia.org/wiki/Peter_Ashdown,GBR
849,aitken,Jack,Aitken,AIT,British,89,1995-09-23,http://en.wikipedia.org/wiki/Jack_Aitken,GBR
846,albon,Alexander,Albon,ALB,Thai,23,1996-03-23,http://en.wikipedia.org/wiki/Alexander_Albon,THA
863,antonelli,Andrea Kimi,Antonelli,ANT,Italian,12,2006-08-25,https://en.wikipedia.org/wiki/Andrea_Kimi_Antonelli,ITA
859,bearman,Oliver,Bearman,BEA,British,38,2005-05-08,http://en.wikipedia.org/wiki/Oliver_Bearman,GBR
821,jules_bianchi,Jules,Bianchi,BIA,French,17,1989-08-03,http://en.wikipedia.org/wiki/Jules_Bianchi,FRA
862,bortoleto,Gabriel,Bortoleto,BOR,Brazilian,5,2004-10-14,https://en.wikipedia.org/wiki/Gabriel_Bortoleto,BRA
820,bottas,Valtteri,Bottas,BOT,Finnish,77,1989-08-28,http://en.wikipedia.org/wiki/Valtteri_Bottas,FIN
822,chilton,Max,Chilton,CHI,British,4,1991-04-21,http://en.wikipedia.org/wiki/Max_Chilton,GBR
860,colapinto,Franco,Colapinto,COL,Argentine,43,2003-05-27,http://en.wikipedia.org/wiki/Franco_Colapinto,ARG
855,de_vries,Nyck,de Vries,DEV,Dutch,21,1995-02-06,http://en.wikipedia.org/wiki/Nyck_de_Vries,NLD
861,doohan,Jack,Doohan,DOO,Australian,61,2003-01-20,http://en.wikipedia.org/wiki/Jack_Doohan,AUS
826,ericsson,Marcus,Ericsson,ERI,Swedish,9,1990-09-02,http://en.wikipedia.org/wiki/Marcus_Ericsson,SWE
260,tomaso,Alessandro,de Tomaso,,Argentine,,1928-07-10,http://en.wikipedia.org/wiki/Alessandro_de_Tomaso,ARG
451,hobbs,David,Hobbs,,British,,1939-06-09,http://en.wikipedia.org/wiki/David_Hobbs_(racing_driver),GBR
401,hocking,Gary,Hocking,,Rhodesian,,1937-09-30,http://en.wikipedia.org/wiki/Gary_Hocking,RSR
562,hoffmann,Ingo,Hoffmann,,Brazilian,,1953-02-28,http://en.wikipedia.org/wiki/Ingo_Hoffmann,BRA
35,holland,Bill,Holland,,American,,1907-12-18,http://en.wikipedia.org/wiki/Bill_Holland,USA
57,holmes,Jackie,Holmes,,American,,1920-09-04,http://en.wikipedia.org/wiki/Jackie_Holmes,USA
208,homeier,Bill,Homeier,,American,,1918-08-31,http://en.wikipedia.org/wiki/Bill_Homeier,USA
579,hoshino,Kazuyoshi,Hoshino,,Japanese,,1947-07-01,http://en.wikipedia.org/wiki/Kazuyoshi_Hoshino,JPN
55,hoyt,Jerry,Hoyt,,American,,1929-01-29,http://en.wikipedia.org/wiki/Jerry_Hoyt,USA
807,hulkenberg,Nico,Hülkenberg,HUL,German,27,1987-08-19,http://en.wikipedia.org/wiki/Nico_H%C3%BClkenberg,DEU
438,hulme,Denny,Hulme,,New Zealander,,1936-06-18,http://en.wikipedia.org/wiki/Denny_Hulme,NZL
515,hunt,James,Hunt,,British,,1947-08-29,http://en.wikipedia.org/wiki/James_Hunt,GBR
345,hurtubise,Jim,Hurtubise,,American,,1932-12-05,http://en.wikipedia.org/wiki/Jim_Hurtubise,USA
489,hutchison,Gus,Hutchison,,American,,1937-04-26,http://en.wikipedia.org/wiki/Gus_Hutchison,USA
455,ickx,Jacky,Ickx,,Belgian,,1945-01-01,http://en.wikipedia.org/wiki/Jacky_Ickx,BEL
791,ide,Yuji,Ide,IDE,Japanese,,1975-01-21,http://en.wikipedia.org/wiki/Yuji_Ide,JPN
221,iglesias,Jesús,Iglesias,,Argentine,,1922-02-22,http://en.wikipedia.org/wiki/Jes%C3%BAs_Iglesias,ARG
735,inoue,Taki,Inoue,,Japanese,,1963-09-05,http://en.wikipedia.org/wiki/Taki_Inoue,JPN
312,ireland,Innes,Ireland,,British,,1930-06-12,http://en.wikipedia.org/wiki/Innes_Ireland,GBR
720,irvine,Eddie,Irvine,,British,,1965-11-10,http://en.wikipedia.org/wiki/Eddie_Irvine,GBR
445,irwin,Chris,Irwin,,British,,1942-06-27,http://en.wikipedia.org/wiki/Chris_Irwin,GBR
534,jabouille,Jean-Pierre,Jabouille,,French,,1942-10-01,http://en.wikipedia.org/wiki/Jean-Pierre_Jabouille,FRA
64,jackson,Jimmy,Jackson,,American,,1910-07-25,http://en.wikipedia.org/wiki/Jimmy_Jackson_(driver),USA
100,james,Joe,James,,American,,1925-05-23,http://en.wikipedia.org/wiki/Joe_James_(racing_driver),USA
107,john_james,John,James,,British,,1914-05-10,http://en.wikipedia.org/wiki/John_James_(auto_racer),GBR
500,jarier,Jean-Pierre,Jarier,,French,,1946-07-10,http://en.wikipedia.org/wiki/Jean-Pierre_Jarier,FRA
690,lehto,Jyrki,Järvilehto,,Finnish,,1966-01-31,http://en.wikipedia.org/wiki/Jyrki_J%C3%A4rvilehto,FIN
496,jean,Max,Jean,,French,,1943-07-27,http://en.wikipedia.org/wiki/Max_Jean,FRA
615,johansson,Stefan,Johansson,,Swedish,,1956-09-08,http://en.wikipedia.org/wiki/Stefan_Johansson,SWE
23,leslie_johnson,Leslie,Johnson,,British,,1912-03-22,http://en.wikipedia.org/wiki/Leslie_Johnson_(racing_driver),GBR
128,johnson,Eddie,Johnson,,American,,1919-02-10,http://en.wikipedia.org/wiki/Eddie_Johnson_(auto_racer),USA
397,johnstone,Bruce,Johnstone,,South African,,1937-01-30,http://en.wikipedia.org/wiki/Bruce_Johnstone_(racing_driver),ZAF
463,tom_jones,Tom,Jones,,American,,1943-04-26,http://en.wikipedia.org/wiki/Tom_Jones_(auto_racer),USA
549,jones,Alan,Jones,,Australian,,1946-11-02,http://en.wikipedia.org/wiki/Alan_Jones_(Formula_1),AUS
113,jover,Juan,Jover,,Spanish,,1903-11-23,http://en.wikipedia.org/wiki/Juan_Jover,ESP
189,karch,Oswald,Karch,,German,,1917-03-06,http://en.wikipedia.org/wiki/Oswald_Karch,DEU
783,karthikeyan,Narain,Karthikeyan,KAR,Indian,,1977-01-14,http://en.wikipedia.org/wiki/Narain_Karthikeyan,IND
707,katayama,Ukyo,Katayama,,Japanese,,1963-05-29,http://en.wikipedia.org/wiki/Ukyo_Katayama,JPN
278,kavanagh,Ken,Kavanagh,,Australian,,1923-12-12,http://en.wikipedia.org/wiki/Ken_Kavanagh,AUS
580,keegan,Rupert,Keegan,,British,,1955-02-26,http://en.wikipedia.org/wiki/Rupert_Keegan,GBR
514,keizan,Eddie,Keizan,,South African,,1944-09-12,http://en.wikipedia.org/wiki/Eddie_Keizan,ZAF
232,keller,Al,Keller,,American,,1920-04-11,http://en.wikipedia.org/wiki/Al_Keller,USA
14,kelly,Joe,Kelly,,Irish,,1913-03-13,http://en.wikipedia.org/wiki/Joe_Kelly_(Formula_One),IRL
614,kennedy,Dave,Kennedy,,Irish,,1953-01-15,http://en.wikipedia.org/wiki/David_Kennedy_(racing_driver),IRL
564,kessel,Loris,Kessel,,Swiss,,1950-04-01,http://en.wikipedia.org/wiki/Loris_Kessel,CHE
279,kessler,Bruce,Kessler,,American,,1936-03-23,http://en.wikipedia.org/wiki/Bruce_Kessler,USA
777,kiesa,Nicolas,Kiesa,,Danish,,1978-03-03,http://en.wikipedia.org/wiki/Nicolas_Kiesa,DNK
532,kinnunen,Leo,Kinnunen,,Finnish,,1943-08-05,http://en.wikipedia.org/wiki/Leo_Kinnunen,FIN
206,kladis,Danny,Kladis,,American,,1917-02-10,http://en.wikipedia.org/wiki/Danny_Kladis,USA
152,klenk,Hans,Klenk,,German,,1919-10-28,http://en.wikipedia.org/wiki/Hans_Klenk,DEU
779,klien,Christian,Klien,KLI,Austrian,,1983-02-07,http://en.wikipedia.org/wiki/Christian_Klien,AUT
209,kling,Karl,Kling,,German,,1910-09-16,http://en.wikipedia.org/wiki/Karl_Kling,DEU
153,klodwig,Ernst,Klodwig,,East German,,1903-05-23,http://en.wikipedia.org/wiki/Ernst_Klodwig,DEU
806,kobayashi,Kamui,Kobayashi,KOB,Japanese,10,1986-09-13,http://en.wikipedia.org/wiki/Kamui_Kobayashi,JPN
543,koinigg,Helmuth,Koinigg,,Austrian,,1948-11-03,http://en.wikipedia.org/wiki/Helmuth_Koinigg,AUT
796,kovalainen,Heikki,Kovalainen,KOV,Finnish,,1981-10-19,http://en.wikipedia.org/wiki/Heikki_Kovalainen,FIN
584,kozarowitzky,Mikko,Kozarowitzky,,Finnish,,1948-05-17,http://en.wikipedia.org/wiki/Mikko_Kozarowitzky,FIN
158,krause,Rudolf,Krause,,East German,,1907-03-30,http://en.wikipedia.org/wiki/Rudolf_Krause,DEU
794,kubica,Robert,Kubica,KUB,Polish,88,1984-12-07,http://en.wikipedia.org/wiki/Robert_Kubica,POL
392,kuhnke,Kurt,Kuhnke,,German,,1910-04-30,http://en.wikipedia.org/wiki/Kurt_Kuhnke,DEU
825,kvyat,Daniil,Kvyat,KVY,Russian,26,1994-04-26,http://en.wikipedia.org/wiki/Daniil_Kvyat,RUS
299,la_caze,Robert,La Caze,,French,,1917-02-26,http://en.wikipedia.org/wiki/Robert_La_Caze,FRA
540,laffite,Jacques,Laffite,,French,,1943-11-21,http://en.wikipedia.org/wiki/Jacques_Laffite,FRA
734,lagorce,Franck,Lagorce,,French,,1968-09-01,http://en.wikipedia.org/wiki/Franck_Lagorce,FRA
608,lammers,Jan,Lammers,,Dutch,,1956-06-02,http://en.wikipedia.org/wiki/Jan_Lammers,NLD
718,lamy,Pedro,Lamy,,Portuguese,,1972-03-20,http://en.wikipedia.org/wiki/Pedro_Lamy,PRT
109,landi,Chico,Landi,,Brazilian,,1907-07-14,http://en.wikipedia.org/wiki/Chico_Landi,BRA
194,lang,Hermann,Lang,,German,,1909-04-06,http://en.wikipedia.org/wiki/Hermann_Lang,DEU
693,langes,Claudio,Langes,,Italian,,1960-07-20,http://en.wikipedia.org/wiki/Claudio_Langes,ITA
669,larini,Nicola,Larini,,Italian,,1964-03-19,http://en.wikipedia.org/wiki/Nicola_Larini,ITA
674,larrauri,Oscar,Larrauri,,Argentine,,1954-08-19,http://en.wikipedia.org/wiki/Oscar_Larrauri,ARG
333,larreta,Alberto Rodriguez,Larreta,,Argentine,,1934-01-14,http://en.wikipedia.org/wiki/Alberto_Rodriguez_Larreta,ARG
531,larrousse,Gérard,Larrousse,,French,,1940-05-23,http://en.wikipedia.org/wiki/G%C3%A9rard_Larrousse,FRA
286,larson,Jud,Larson,,American,,1923-01-21,http://en.wikipedia.org/wiki/Jud_Larson,USA
848,latifi,Nicholas,Latifi,LAT,Canadian,6,1995-06-29,http://en.wikipedia.org/wiki/Nicholas_Latifi,CAN
499,lauda,Niki,Lauda,,Austrian,,1949-02-22,http://en.wikipedia.org/wiki/Niki_Lauda,AUT
134,laurent,Roger,Laurent,,Belgian,,1913-02-21,http://en.wikipedia.org/wiki/Roger_Laurent,BEL
740,lavaggi,Giovanni,Lavaggi,,Italian,,1958-02-18,http://en.wikipedia.org/wiki/Giovanni_Lavaggi,ITA
446,lawrence,Chris,Lawrence,,British,,1933-07-27,http://en.wikipedia.org/wiki/Chris_Lawrence_(racing_driver),GBR
858,lawson,Liam,Lawson,LAW,New Zealander,30,2002-02-11,http://en.wikipedia.org/wiki/Liam_Lawson,NZL
843,leclerc,Charles,Leclerc,LEC,Monegasque,16,1997-10-16,http://en.wikipedia.org/wiki/Charles_Leclerc,MCO
561,leclere,Michel,Leclère,,French,,1946-03-18,http://en.wikipedia.org/wiki/Michel_Lecl%C3%A8re,FRA
395,lederle,Neville,Lederle,,South African,,1938-09-25,http://en.wikipedia.org/wiki/Neville_Lederle,ZAF
602,lees,Geoff,Lees,,British,,1951-05-01,http://en.wikipedia.org/wiki/Geoff_Lees,GBR
135,legat,Arthur,Legat,,Belgian,,1898-11-01,http://en.wikipedia.org/wiki/Arthur_Legat,BEL
592,leoni,Lamberto,Leoni,,Italian,,1953-05-24,http://en.wikipedia.org/wiki/Lamberto_Leoni,ITA
258,leston,Les,Leston,,British,,1920-12-16,http://en.wikipedia.org/wiki/Les_Leston,GBR
71,levegh,Pierre,Levegh,,French,,1905-12-22,http://en.wikipedia.org/wiki/Pierre_Levegh,FRA
61,levrett,Bayliss,Levrett,,American,,1914-02-14,http://en.wikipedia.org/wiki/Bayliss_Levrett,USA
357,lewis,Jackie,Lewis,,British,,1936-11-01,http://en.wikipedia.org/wiki/Jackie_Lewis,GBR
262,lewis-evans,Stuart,Lewis-Evans,,British,,1930-04-20,http://en.wikipedia.org/wiki/Stuart_Lewis-Evans,GBR
444,ligier,Guy,Ligier,,French,,1930-07-12,http://en.wikipedia.org/wiki/Guy_Ligier,FRA
88,linden,Andy,Linden,,American,,1922-04-05,http://en.wikipedia.org/wiki/Andy_Linden_(racing_driver),USA
373,lippi,Roberto,Lippi,,Italian,,1926-10-17,http://en.wikipedia.org/wiki/Roberto_Lippi,ITA
787,liuzzi,Vitantonio,Liuzzi,LIU,Italian,,1980-08-06,http://en.wikipedia.org/wiki/Vitantonio_Liuzzi,ITA
536,lombardi,Lella,Lombardi,,Italian,,1941-03-26,http://en.wikipedia.org/wiki/Lella_Lombardi,ITA
628,londono,Ricardo,Londoño,,Colombian,,1949-08-08,http://en.wikipedia.org/wiki/Ricardo_Londo%C3%B1o,COL
193,loof,Ernst,Loof,,German,,1907-07-04,http://en.wikipedia.org/wiki/Ernst_Loof,DEU
827,lotterer,André,Lotterer,LOT,German,45,1981-11-19,http://en.wikipedia.org/wiki/Andr%C3%A9_Lotterer,DEU
78,louveau,Henri,Louveau,,French,,1910-01-25,http://en.wikipedia.org/wiki/Henri_Louveau,FRA
396,love,John,Love,,Rhodesian,,1924-12-07,http://en.wikipedia.org/wiki/John_Love_(racing_driver),RSR
305,lovely,Pete,Lovely,,American,,1926-04-11,http://en.wikipedia.org/wiki/Pete_Lovely,USA
200,loyer,Roger,Loyer,,French,,1907-08-05,http://en.wikipedia.org/wiki/Roger_Loyer,FRA
237,lucas,Jean,Lucas,,French,,1917-04-25,http://en.wikipedia.org/wiki/Jean_Lucas,FRA
306,lucienbonnet,Jean,Lucienbonnet,,French,,1923-01-07,http://en.wikipedia.org/wiki/Jean_Lucienbonnet,FRA
558,lunger,Brett,Lunger,,American,,1945-11-14,http://en.wikipedia.org/wiki/Brett_Lunger,USA
572,hayje,Boy,Lunger,,Dutch,,1949-05-03,http://en.wikipedia.org/wiki/Boy_Hayje,NLD
269,macdowel,Mike,MacDowel,,British,,1932-09-13,http://en.wikipedia.org/wiki/Mike_MacDowel,GBR
270,mackay-fraser,Herbert,MacKay-Fraser,,American,,1927-06-23,http://en.wikipedia.org/wiki/Herbert_MacKay-Fraser,USA
94,mackey,Bill,Mackey,,American,,1927-12-15,http://en.wikipedia.org/wiki/Bill_Mackey,USA
118,macklin,Lance,Macklin,,British,,1919-09-02,http://en.wikipedia.org/wiki/Lance_Macklin,GBR
551,magee,Damien,Magee,,British,,1945-11-17,http://en.wikipedia.org/wiki/Damien_Magee,GBR
362,maggs,Tony,Maggs,,South African,,1937-02-09,http://en.wikipedia.org/wiki/Tony_Maggs,ZAF
266,magill,Mike,Magill,,American,,1920-02-08,http://en.wikipedia.org/wiki/Mike_Magill,USA
198,maglioli,Umberto,Maglioli,,Italian,,1928-06-05,http://en.wikipedia.org/wiki/Umberto_Maglioli,ITA
741,magnussen,Jan,Magnussen,MAG,Danish,,1973-07-04,http://en.wikipedia.org/wiki/Jan_Magnussen,DNK
824,kevin_magnussen,Kevin,Magnussen,MAG,Danish,20,1992-10-05,http://en.wikipedia.org/wiki/Kevin_Magnussen,DNK
75,guy_mairesse,Guy,Mairesse,,French,,1910-08-10,http://en.wikipedia.org/wiki/Guy_Mairesse,FRA
348,mairesse,Willy,Mairesse,,Belgian,,1928-10-01,http://en.wikipedia.org/wiki/Willy_Mairesse,BEL
814,maldonado,Pastor,Maldonado,MAL,Venezuelan,13,1985-03-09,http://en.wikipedia.org/wiki/Pastor_Maldonado,VEN
619,mansell,Nigel,Mansell,,British,,1953-08-08,http://en.wikipedia.org/wiki/Nigel_Mansell,GBR
386,abate,Carlo,Abate,,Italian,,1932-07-10,http://en.wikipedia.org/wiki/Carlo_Mario_Abate,ITA
84,abecassis,George,Abecassis,,British,,1913-03-21,http://en.wikipedia.org/wiki/George_Abecassis,GBR
646,acheson,Kenny,Acheson,,British,,1957-11-27,http://en.wikipedia.org/wiki/Kenny_Acheson,GBR
730,adams,Philippe,Adams,,Belgian,,1969-11-19,http://en.wikipedia.org/wiki/Philippe_Adams,BEL
56,ader,Walt,Ader,,American,,1913-12-15,http://en.wikipedia.org/wiki/Walt_Ader,USA
191,adolff,Kurt,Adolff,,German,,1921-11-05,http://en.wikipedia.org/wiki/Kurt_Adolff,DEU
63,agabashian,Fred,Agabashian,,American,,1913-08-21,http://en.wikipedia.org/wiki/Fred_Agabashian,USA
458,ahrens,Kurt,Ahrens,,German,,1940-04-19,"http://en.wikipedia.org/wiki/Kurt_Ahrens,_Jr.",DEU
786,albers,Christijan,Albers,ALB,Dutch,,1979-04-16,http://en.wikipedia.org/wiki/Christijan_Albers,NLD
630,alboreto,Michele,Alboreto,,Italian,,1956-12-23,http://en.wikipedia.org/wiki/Michele_Alboreto,ITA
685,alesi,Jean,Alesi,,French,,1964-06-11,http://en.wikipedia.org/wiki/Jean_Alesi,FRA
804,alguersuari,Jaime,Alguersuari,ALG,Spanish,,1990-03-23,http://en.wikipedia.org/wiki/Jaime_Alguersuari,ESP
650,alliot,Philippe,Alliot,,French,,1954-07-27,http://en.wikipedia.org/wiki/Philippe_Alliot,FRA
763,alonso,Fernando,Alonso,ALO,Spanish,14,1981-07-29,http://en.wikipedia.org/wiki/Fernando_Alonso,ESP
711,amati,Giovanna,Amati,,Italian,,1959-07-20,http://en.wikipedia.org/wiki/Giovanna_Amati,ITA
285,george_amick,George,Amick,,American,,1924-10-24,http://en.wikipedia.org/wiki/George_Amick,USA
311,amick,Red,Amick,,American,,1929-01-19,http://en.wikipedia.org/wiki/Red_Amick,USA
404,amon,Chris,Amon,,New Zealander,,1943-07-20,http://en.wikipedia.org/wiki/Chris_Amon,NZL
408,anderson,Bob,Anderson,,British,,1931-05-19,http://en.wikipedia.org/wiki/Bob_Anderson_(racing_driver),GBR
573,andersson,Conny,Andersson,,Swedish,,1939-12-28,http://en.wikipedia.org/wiki/Conny_Andersson_(racing_driver),SWE
474,mario_andretti,Mario,Andretti,,American,,1940-02-28,http://en.wikipedia.org/wiki/Mario_Andretti,USA
717,andretti,Michael,Andretti,,American,,1962-10-05,http://en.wikipedia.org/wiki/Michael_Andretti,USA
229,andrews,Keith,Andrews,,American,,1920-06-15,http://en.wikipedia.org/wiki/Keith_Andrews_(driver),USA
719,apicella,Marco,Apicella,,Italian,,1965-10-07,http://en.wikipedia.org/wiki/Marco_Apicella,ITA
204,armi,Frank,Armi,,American,,1918-10-12,http://en.wikipedia.org/wiki/Frank_Armi,USA
307,arnold,Chuck,Arnold,,American,,1926-05-30,http://en.wikipedia.org/wiki/Chuck_Arnold,USA
599,arnoux,René,Arnoux,,French,,1948-07-04,http://en.wikipedia.org/wiki/Ren%C3%A9_Arnoux,FRA
385,arundell,Peter,Arundell,,British,,1933-11-08,http://en.wikipedia.org/wiki/Peter_Arundell,GBR
24,ascari,Alberto,Ascari,,Italian,,1918-07-13,http://en.wikipedia.org/wiki/Alberto_Ascari,ITA
539,ashley,Ian,Ashley,,British,,1947-10-26,http://en.wikipedia.org/wiki/Ian_Ashley,GBR
363,ashmore,Gerry,Ashmore,,British,,1936-07-25,http://en.wikipedia.org/wiki/Gerry_Ashmore,GBR
149,aston,Bill,Aston,,British,,1900-03-29,http://en.wikipedia.org/wiki/Bill_Aston,GBR
426,attwood,Richard,Attwood,,British,,1940-04-04,http://en.wikipedia.org/wiki/Richard_Attwood,GBR
87,ayulo,Manny,Ayulo,,American,,1921-10-20,http://en.wikipedia.org/wiki/Manny_Ayulo,USA
716,badoer,Luca,Badoer,BAD,Italian,,1971-01-25,http://en.wikipedia.org/wiki/Luca_Badoer,ITA
359,baghetti,Giancarlo,Baghetti,,Italian,,1934-12-25,http://en.wikipedia.org/wiki/Giancarlo_Baghetti,ITA
675,bailey,Julian,Bailey,,British,,1961-10-09,http://en.wikipedia.org/wiki/Julian_Bailey,GBR
635,baldi,Mauro,Baldi,,Italian,,1954-01-31,http://en.wikipedia.org/wiki/Mauro_Baldi,ITA
89,ball,Bobby,Ball,,American,,1925-08-26,http://en.wikipedia.org/wiki/Bobby_Ball_(auto_racer),USA
156,balsa,Marcel,Balsa,,French,,1909-01-01,http://en.wikipedia.org/wiki/Marcel_Balsa,FRA
358,bandini,Lorenzo,Bandini,,Italian,,1935-12-21,http://en.wikipedia.org/wiki/Lorenzo_Bandini,ITA
59,banks,Henry,Banks,,American,,1913-06-14,http://en.wikipedia.org/wiki/Henry_Banks,USA
701,barbazza,Fabrizio,Barbazza,,Italian,,1963-04-02,http://en.wikipedia.org/wiki/Fabrizio_Barbazza,ITA
168,john_barber,John,Barber,,British,,1929-07-22,http://en.wikipedia.org/wiki/John_Barber_(racing_driver),GBR
492,barber,Skip,Barber,,American,,1936-11-16,http://en.wikipedia.org/wiki/Skip_Barber,USA
691,barilla,Paolo,Barilla,,Italian,,1961-04-20,http://en.wikipedia.org/wiki/Paolo_Barilla,ITA
715,barrichello,Rubens,Barrichello,BAR,Brazilian,,1972-05-23,http://en.wikipedia.org/wiki/Rubens_Barrichello,BRA
702,bartels,Michael,Bartels,,German,,1968-03-08,http://en.wikipedia.org/wiki/Michael_Bartels,DEU
188,barth,Edgar,Barth,,German,,1917-01-26,http://en.wikipedia.org/wiki/Edgar_Barth,DEU
442,bassi,Giorgio,Bassi,,Italian,,1934-01-20,http://en.wikipedia.org/wiki/Giorgio_Bassi,ITA
192,bauer,Erwin,Bauer,,German,,1912-07-17,http://en.wikipedia.org/wiki/Erwin_Bauer,DEU
778,baumgartner,Zsolt,Baumgartner,,Hungarian,,1981-01-01,http://en.wikipedia.org/wiki/Zsolt_Baumgartner,HUN
164,bayol,Élie,Bayol,,French,,1914-02-28,http://en.wikipedia.org/wiki/%C3%89lie_Bayol,FRA
211,beauman,Don,Beauman,,British,,1928-07-26,http://en.wikipedia.org/wiki/Don_Beauman,GBR
157,bechem,Günther,Bechem,,German,,1921-12-21,http://en.wikipedia.org/wiki/G%C3%BCnther_Bechem,DEU
114,behra,Jean,Behra,,French,,1921-02-16,http://en.wikipedia.org/wiki/Jean_Behra,FRA
470,bell,Derek,Bell,,British,,1941-10-31,http://en.wikipedia.org/wiki/Derek_Bell_(auto_racer),GBR
651,bellof,Stefan,Bellof,,German,,1957-11-20,http://en.wikipedia.org/wiki/Stefan_Bellof,DEU
709,belmondo,Paul,Belmondo,,French,,1963-04-23,http://en.wikipedia.org/wiki/Paul_Belmondo,FRA
527,belso,Tom,Belsø,,Danish,,1942-08-27,http://en.wikipedia.org/wiki/Tom_Bels%C3%B8,DNK
450,beltoise,Jean-Pierre,Beltoise,,French,,1937-04-26,http://en.wikipedia.org/wiki/Jean-Pierre_Beltoise,FRA
726,beretta,Olivier,Beretta,,Monegasque,,1969-11-23,http://en.wikipedia.org/wiki/Olivier_Beretta,MCO
662,berg,Allen,Berg,,Canadian,,1961-08-01,http://en.wikipedia.org/wiki/Allen_Berg,CAN
181,georges_berger,Georges,Berger,,Belgian,,1918-09-14,http://en.wikipedia.org/wiki/Georges_Berger,BEL
655,berger,Gerhard,Berger,,Austrian,,1959-08-27,http://en.wikipedia.org/wiki/Gerhard_Berger,AUT
687,bernard,Éric,Bernard,,French,,1964-08-24,http://en.wikipedia.org/wiki/%C3%89ric_Bernard,FRA
765,bernoldi,Enrique,Bernoldi,,Brazilian,,1978-10-19,http://en.wikipedia.org/wiki/Enrique_Bernoldi,BRA
689,bertaggia,Enrico,Bertaggia,,Italian,,1964-09-19,http://en.wikipedia.org/wiki/Enrico_Bertaggia,ITA
38,bettenhausen,Tony,Bettenhausen,,American,,1916-09-12,http://en.wikipedia.org/wiki/Tony_Bettenhausen,USA
497,beuttler,Mike,Beuttler,,British,,1940-04-13,http://en.wikipedia.org/wiki/Mike_Beuttler,GBR
304,bianchi,Lucien,Bianchi,BIA,Belgian,,1934-11-10,http://en.wikipedia.org/wiki/Lucien_Bianchi,BEL
146,bianco,Gino,Bianco,,Brazilian,,1916-07-22,http://en.wikipedia.org/wiki/Gino_Bianco,BRA
571,binder,Hans,Binder,,Austrian,,1948-06-12,http://en.wikipedia.org/wiki/Hans_Binder,AUT
77,biondetti,Clemente,Biondetti,,Italian,,1898-08-18,http://en.wikipedia.org/wiki/Clemente_Biondetti,ITA
15,bira,Prince,Bira,,Thai,,1914-07-15,http://en.wikipedia.org/wiki/Prince_Bira,THA
170,birger,Pablo,Birger,,Argentine,,1924-01-07,http://en.wikipedia.org/wiki/Pablo_Birger,ARG
292,bisch,Art,Bisch,,American,,1926-11-10,http://en.wikipedia.org/wiki/Art_Bisch,USA
329,blanchard,Harry,Blanchard,,American,,1929-06-13,http://en.wikipedia.org/wiki/Harry_Blanchard,USA
590,bleekemolen,Michael,Bleekemolen,,Dutch,,1949-10-02,http://en.wikipedia.org/wiki/Michael_Bleekemolen,NLD
437,blignaut,Alex,Blignaut,,South African,,1932-11-30,http://en.wikipedia.org/wiki/Alex_Blignaut,ZAF
418,blokdyk,Trevor,Blokdyk,,South African,,1935-11-30,http://en.wikipedia.org/wiki/Trevor_Blokdyk,ZAF
697,blundell,Mark,Blundell,,British,,1966-04-08,http://en.wikipedia.org/wiki/Mark_Blundell,GBR
634,boesel,Raul,Boesel,,Brazilian,,1957-12-04,http://en.wikipedia.org/wiki/Raul_Boesel,BRA
375,boffa,Menato,Boffa,,Italian,,1930-01-04,http://en.wikipedia.org/wiki/Menato_Boffa,ITA
443,bondurant,Bob,Bondurant,,American,,1933-04-27,http://en.wikipedia.org/wiki/Bob_Bondurant,USA
68,bonetto,Felice,Bonetto,,Italian,,1903-06-09,http://en.wikipedia.org/wiki/Felice_Bonetto,ITA
257,bonnier,Jo,Bonnier,,Swedish,,1930-01-31,http://en.wikipedia.org/wiki/Joakim_Bonnier,SWE
334,bonomi,Roberto,Bonomi,,Argentine,,1919-09-30,http://en.wikipedia.org/wiki/Roberto_Bonomi,ARG
361,bordeu,Juan Manuel,Bordeu,,Argentine,,1934-01-28,http://en.wikipedia.org/wiki/Juan_Manuel_Bordeu,ARG
629,borgudd,Slim,Borgudd,,Swedish,,1946-11-25,http://en.wikipedia.org/wiki/Slim_Borgudd,SWE
447,botha,Luki,Botha,,South African,,1930-01-16,http://en.wikipedia.org/wiki/Luki_Botha,ZAF
738,boullion,Jean-Christophe,Boullion,,French,,1969-12-27,http://en.wikipedia.org/wiki/Jean-Christophe_Boullion,FRA
801,bourdais,Sébastien,Bourdais,BOU,French,,1979-02-28,http://en.wikipedia.org/wiki/S%C3%A9bastien_Bourdais,FRA
645,boutsen,Thierry,Boutsen,,Belgian,,1957-07-13,http://en.wikipedia.org/wiki/Thierry_Boutsen,BEL
233,boyd,Johnny,Boyd,,American,,1926-08-19,http://en.wikipedia.org/wiki/Johnny_Boyd,USA
236,jack_brabham,Jack,Brabham,,Australian,,1926-04-02,http://en.wikipedia.org/wiki/Jack_Brabham,AUS
694,gary_brabham,Gary,Brabham,,Australian,,1961-03-29,http://en.wikipedia.org/wiki/Gary_Brabham,AUS
695,brabham,David,Brabham,,Australian,,1965-09-05,http://en.wikipedia.org/wiki/David_Brabham,AUS
472,brack,Bill,Brack,,Canadian,,1935-12-26,http://en.wikipedia.org/wiki/Bill_Brack,CAN
411,ernesto_brambilla,Ernesto,Brambilla,,Italian,,1934-01-31,http://en.wikipedia.org/wiki/Ernesto_Brambilla,ITA
525,brambilla,Vittorio,Brambilla,,Italian,,1937-11-11,http://en.wikipedia.org/wiki/Vittorio_Brambilla,ITA
70,branca,Toni,Branca,,Swiss,,1916-09-15,http://en.wikipedia.org/wiki/Toni_Branca,CHE
609,brancatelli,Gianfranco,Brancatelli,,Italian,,1950-01-18,http://en.wikipedia.org/wiki/Gianfranco_Brancatelli,ITA
117,brandon,Eric,Brandon,,British,,1920-07-18,http://en.wikipedia.org/wiki/Eric_Brandon,GBR
309,branson,Don,Branson,,American,,1920-06-02,http://en.wikipedia.org/wiki/Don_Branson,USA
302,bridger,Tom,Bridger,,British,,1934-06-24,http://en.wikipedia.org/wiki/Tom_Bridger,GBR
547,brise,Tony,Brise,,British,,1952-03-28,http://en.wikipedia.org/wiki/Tony_Brise,GBR
317,bristow,Chris,Bristow,,British,,1937-12-02,http://en.wikipedia.org/wiki/Chris_Bristow,GBR
412,broeker,Peter,Broeker,,Canadian,,1926-05-15,http://en.wikipedia.org/wiki/Peter_Broeker,CAN
243,brooks,Tony,Brooks,,British,,1932-02-25,http://en.wikipedia.org/wiki/Tony_Brooks,GBR
53,walt_brown,Walt,Brown,,American,,1911-12-30,http://en.wikipedia.org/wiki/Walt_Brown_(auto_racer),USA
116,alan_brown,Alan,Brown,,British,,1919-11-20,http://en.wikipedia.org/wiki/Alan_Brown_(racing_driver),GBR
576,brown,Warwick,Brown,,Australian,,1949-12-24,http://en.wikipedia.org/wiki/Warwick_Brown,AUS
155,brudes,Adolf,Brudes,,German,,1899-10-15,http://en.wikipedia.org/wiki/Adolf_Brudes,DEU
648,brundle,Martin,Brundle,,British,,1959-06-01,http://en.wikipedia.org/wiki/Martin_Brundle,GBR
781,bruni,Gianmaria,Bruni,,Italian,,1981-05-30,http://en.wikipedia.org/wiki/Gianmaria_Bruni,ITA
124,bryan,Jimmy,Bryan,,American,,1926-01-28,http://en.wikipedia.org/wiki/Jimmy_Bryan,USA
218,bucci,Clemar,Bucci,,Argentine,,1920-09-04,http://en.wikipedia.org/wiki/Clemar_Bucci,ARG
427,bucknum,Ronnie,Bucknum,,American,,1936-04-05,http://en.wikipedia.org/wiki/Ronnie_Bucknum,USA
263,bueb,Ivor,Bueb,,British,,1923-06-06,http://en.wikipedia.org/wiki/Ivor_Bueb,GBR
803,buemi,Sébastien,Buemi,BUE,Swiss,,1988-10-31,http://en.wikipedia.org/wiki/S%C3%A9bastien_Buemi,CHE
512,bueno,Luiz,Bueno,,Brazilian,,1937-01-16,http://en.wikipedia.org/wiki/Luiz_Bueno,BRA
295,burgess,Ian,Burgess,,British,,1930-07-06,http://en.wikipedia.org/wiki/Ian_Burgess,GBR
761,burti,Luciano,Burti,,Brazilian,,1975-03-05,http://en.wikipedia.org/wiki/Luciano_Burti,BRA
372,bussinello,Roberto,Bussinello,,Italian,,1927-10-04,http://en.wikipedia.org/wiki/Roberto_Bussinello,ITA
759,button,Jenson,Button,BUT,British,22,1980-01-19,http://en.wikipedia.org/wiki/Jenson_Button,GBR
640,byrne,Tommy,Byrne,,Irish,,1958-05-06,http://en.wikipedia.org/wiki/Tommy_Byrne_%28racing_driver%29,IRL
4,cabantous,Yves,Cabantous,,French,,1904-10-08,http://en.wikipedia.org/wiki/Yves_Giraud_Cabantous,FRA
282,cabianca,Giulio,Cabianca,,Italian,,1923-02-19,http://en.wikipedia.org/wiki/Giulio_Cabianca,ITA
328,cabral,Mário de Araújo,Cabral,,Portuguese,,1934-01-15,http://en.wikipedia.org/wiki/Mario_de_Araujo_Cabral,PRT
332,cade,Phil,Cade,,American,,1916-06-12,http://en.wikipedia.org/wiki/Phil_Cade,USA
663,caffi,Alex,Caffi,,Italian,,1964-03-18,http://en.wikipedia.org/wiki/Alex_Caffi,ITA
368,campbell-jones,John,Campbell-Jones,,British,,1930-01-21,http://en.wikipedia.org/wiki/John_Campbell-Jones,GBR
666,campos,Adrián,Campos,,Spanish,,1960-06-17,http://en.wikipedia.org/wiki/Adri%C3%A1n_Campos,ESP
503,Cannoc,John,Cannon,,Canadian,,1933-06-21,http://en.wikipedia.org/wiki/John_Cannon_(auto_racer),CAN
148,cantoni,Eitel,Cantoni,,Uruguayan,,1906-10-04,http://en.wikipedia.org/wiki/Eitel_Cantoni,URY
62,cantrell,Bill,Cantrell,,American,,1908-01-31,http://en.wikipedia.org/wiki/William_Cantrell,USA
659,capelli,Ivan,Capelli,,Italian,,1963-05-24,http://en.wikipedia.org/wiki/Ivan_Capelli,ITA
139,carini,Piero,Carini,,Italian,,1921-03-06,http://en.wikipedia.org/wiki/Piero_Carini,ITA
46,darter,Duane,Carter,,American,,1913-05-05,http://en.wikipedia.org/wiki/Duane_Carter,USA
222,castellotti,Eugenio,Castellotti,,Italian,,1930-10-10,http://en.wikipedia.org/wiki/Eugenio_Castellotti,ITA
642,cecotto,Johnny,Cecotto,,Venezuelan,,1956-01-25,http://en.wikipedia.org/wiki/Johnny_Cecotto,VEN
483,cevert,François,Cevert,,French,,1944-02-25,http://en.wikipedia.org/wiki/Fran%C3%A7ois_Cevert,FRA
72,chaboud,Eugène,Chaboud,,French,,1907-04-12,http://en.wikipedia.org/wiki/Eug%C3%A8ne_Chaboud,FRA
388,chamberlain,Jay,Chamberlain,,American,,1925-12-29,http://en.wikipedia.org/wiki/Jay_Chamberlain,USA
811,chandhok,Karun,Chandhok,CHA,Indian,,1984-01-19,http://en.wikipedia.org/wiki/Karun_Chandhok,IND
251,chapman,Colin,Chapman,,British,,1928-05-19,http://en.wikipedia.org/wiki/Colin_Chapman,GBR
434,charlton,Dave,Charlton,,South African,,1936-10-27,http://en.wikipedia.org/wiki/Dave_Charlton,ZAF
699,chaves,Pedro,Chaves,,Portuguese,,1965-02-27,http://en.wikipedia.org/wiki/Pedro_Chaves,PRT
267,cheesbourg,Bill,Cheesbourg,,American,,1927-06-12,http://en.wikipedia.org/wiki/Bill_Cheesbourg,USA
597,cheever,Eddie,Cheever,,American,,1958-01-10,http://en.wikipedia.org/wiki/Eddie_Cheever,USA
710,chiesa,Andrea,Chiesa,,Swiss,,1964-05-06,http://en.wikipedia.org/wiki/Andrea_Chiesa,CHE
337,chimeri,Ettore,Chimeri,,Venezuelan,,1921-06-04,http://en.wikipedia.org/wiki/Ettore_Chimeri,VEN
19,chiron,Louis,Chiron,,Monegasque,,1899-08-03,http://en.wikipedia.org/wiki/Louis_Chiron,MCO
39,chitwood,Joie,Chitwood,,American,,1912-04-14,http://en.wikipedia.org/wiki/Joie_Chitwood,USA
245,christie,Bob,Christie,,American,,1924-04-04,http://en.wikipedia.org/wiki/Bob_Christie_(racing_driver),USA
12,claes,Johnny,Claes,,Belgian,,1916-08-11,http://en.wikipedia.org/wiki/Johnny_Claes,BEL
436,clapham,David,Clapham,,South African,,1931-05-18,http://en.wikipedia.org/wiki/David_Clapham,ZAF
347,clark,Jim,Clark,,British,,1936-03-04,http://en.wikipedia.org/wiki/Jim_Clark,GBR
623,cogan,Kevin,Cogan,,American,,1956-03-31,http://en.wikipedia.org/wiki/Kevin_Cogan,USA
119,collins,Peter,Collins,,British,,1931-11-06,http://en.wikipedia.org/wiki/Peter_Collins_(racing_driver),GBR
360,collomb,Bernard,Collomb,,French,,1930-10-07,http://en.wikipedia.org/wiki/Bernard_Collomb,FRA
601,colombo,Alberto,Colombo,,Italian,,1946-02-23,http://en.wikipedia.org/wiki/Alberto_Colombo,ITA
698,comas,Érik,Comas,,French,,1963-09-28,http://en.wikipedia.org/wiki/%C3%89rik_Comas,FRA
79,comotti,Franco,Comotti,,Italian,,1906-07-24,http://en.wikipedia.org/wiki/Franco_Comotti,ITA
42,george_connor,George,Connor,,American,,1906-08-16,http://en.wikipedia.org/wiki/George_Connor_(driver),USA
330,constantine,George,Constantine,,American,,1918-02-22,http://en.wikipedia.org/wiki/George_Constantine,USA
476,cordts,John,Cordts,,Canadian,,1935-07-23,http://en.wikipedia.org/wiki/John_Cordts,CAN
728,coulthard,David,Coulthard,COU,British,,1971-03-27,http://en.wikipedia.org/wiki/David_Coulthard,GBR
448,courage,Piers,Courage,,British,,1942-05-27,http://en.wikipedia.org/wiki/Piers_Courage,GBR
502,craft,Chris,Craft,,British,,1939-11-17,http://en.wikipedia.org/wiki/Chris_Craft_(racing_driver),GBR
231,ray_crawford,Ray,Crawford,,American,,1915-10-26,http://en.wikipedia.org/wiki/Ray_Crawford,USA
555,crawford,Jim,Crawford,,British,,1948-02-13,http://en.wikipedia.org/wiki/Jim_Crawford_(driver),GBR
165,crespo,Alberto,Crespo,,Argentine,,1920-01-16,http://en.wikipedia.org/wiki/Alberto_Crespo,ARG
338,creus,Antonio,Creus,,Spanish,,1924-10-28,http://en.wikipedia.org/wiki/Antonio_Creus,ESP
202,crockett,Larry,Crockett,,American,,1926-10-23,http://en.wikipedia.org/wiki/Larry_Crockett,USA
147,crook,Tony,Crook,,British,,1920-02-16,http://en.wikipedia.org/wiki/Tony_Crook,GBR
123,cross,Art,Cross,,American,,1918-01-24,http://en.wikipedia.org/wiki/Art_Cross,USA
17,crossley,Geoff,Crossley,,British,,1921-05-11,http://en.wikipedia.org/wiki/Geoff_Crossley,GBR
171,cruz,Adolfo,Cruz,,Argentine,,1923-06-28,http://en.wikipedia.org/wiki/Adolfo_Schewelm_Cruz,ARG
341,daigh,Chuck,Daigh,,American,,1923-11-29,http://en.wikipedia.org/wiki/Chuck_Daigh,USA
670,dalmas,Yannick,Dalmas,,French,,1961-07-28,http://en.wikipedia.org/wiki/Yannick_Dalmas,FRA
600,daly,Derek,Daly,,Irish,,1953-03-11,http://en.wikipedia.org/wiki/Derek_Daly,IRL
775,matta,Cristiano,da Matta,,Brazilian,,1973-09-19,http://en.wikipedia.org/wiki/Cristiano_da_Matta,BRA
813,ambrosio,Jérôme,d'Ambrosio,DAM,Belgian,,1985-12-27,http://en.wikipedia.org/wiki/J%C3%A9r%C3%B4me_d%27Ambrosio,BEL
658,danner,Christian,Danner,,German,,1958-04-04,http://en.wikipedia.org/wiki/Christian_Danner,DEU
201,daponte,Jorge,Daponte,,Argentine,,1923-06-05,http://en.wikipedia.org/wiki/Jorge_Daponte,ARG
234,ramos,Hernando,da Silva Ramos,,Brazilian,,1925-12-07,http://en.wikipedia.org/wiki/Hernando_da_Silva_Ramos,BRA
772,davidson,Anthony,Davidson,DAV,British,,1979-04-18,http://en.wikipedia.org/wiki/Anthony_Davidson,GBR
51,davies,Jimmy,Davies,,American,,1929-08-08,http://en.wikipedia.org/wiki/Jimmy_Davies,USA
315,davis,Colin,Davis,,British,,1933-07-29,http://en.wikipedia.org/wiki/Colin_Davis_(driver),GBR
172,daywalt,Jimmy,Daywalt,,American,,1924-08-28,http://en.wikipedia.org/wiki/Jimmy_Daywalt,USA
466,adamich,Andrea,de Adamich,,Italian,,1941-10-03,http://en.wikipedia.org/wiki/Andrea_de_Adamich,ITA
607,angelis,Elio,de Angelis,,Italian,,1958-03-26,http://en.wikipedia.org/wiki/Elio_de_Angelis,ITA
272,beaufort,Carel Godin,de Beaufort,,Dutch,,1934-04-10,http://en.wikipedia.org/wiki/Carel_Godin_de_Beaufort,NLD
622,cesaris,Andrea,de Cesaris,,Italian,,1959-05-31,http://en.wikipedia.org/wiki/Andrea_de_Cesaris,ITA
303,Changy,Alain,de Changy,,Belgian,,1922-02-05,http://en.wikipedia.org/wiki/Alain_de_Changy,BEL
582,dryver,Bernard,de Dryver,,Belgian,,1952-09-19,http://en.wikipedia.org/wiki/Bernard_de_Dryver,BEL
280,filippis,Maria,de Filippis,,Italian,,1926-11-11,http://en.wikipedia.org/wiki/Maria_Teresa_de_Filippis,ITA
18,graffenried,Toulo,de Graffenried,,Swiss,,1914-05-18,http://en.wikipedia.org/wiki/Toulo_de_Graffenried,CHE
420,klerk,Peter,de Klerk,,South African,,1935-03-16,http://en.wikipedia.org/wiki/Peter_de_Klerk,ZAF
754,rosa,Pedro,de la Rosa,DLR,Spanish,,1971-02-24,http://en.wikipedia.org/wiki/Pedro_de_la_Rosa,ESP
736,deletraz,Jean-Denis,Délétraz,,Swiss,,1963-10-01,http://en.wikipedia.org/wiki/Jean-Denis_Deletraz,CHE
508,depailler,Patrick,Depailler,,French,,1944-08-09,http://en.wikipedia.org/wiki/Patrick_Depailler,FRA
250,portago,Alfonso,de Portago,,Spanish,,1928-10-11,http://en.wikipedia.org/wiki/Alfonso_de_Portago,ESP
219,riu,Giovanni,de Riu,,Italian,,1925-03-10,http://en.wikipedia.org/wiki/Giovanni_de_Riu,ITA
122,terra,Max,de Terra,,Swiss,,1918-10-06,http://en.wikipedia.org/wiki/Max_de_Terra,CHE
133,tornaco,Charles,de Tornaco,,Belgian,,1927-06-07,http://en.wikipedia.org/wiki/Charles_de_Tornaco,BEL
566,villota,Emilio,de Villota,,Spanish,,1946-07-26,http://en.wikipedia.org/wiki/Emilio_de_Villota,ESP
414,vos,Ernie,de Vos,,Dutch,,1941-07-01,http://en.wikipedia.org/wiki/Ernie_de_Vos,NLD
810,grassi,Lucas,di Grassi,DIG,Brazilian,,1984-08-11,http://en.wikipedia.org/wiki/Lucas_di_Grassi,BRA
737,diniz,Pedro,Diniz,,Brazilian,,1970-05-22,http://en.wikipedia.org/wiki/Pedro_Diniz,BRA
67,dinsmore,Duke,Dinsmore,,American,,1913-04-10,http://en.wikipedia.org/wiki/Duke_Dinsmore,USA
812,resta,Paul,di Resta,DIR,British,40,1986-04-16,http://en.wikipedia.org/wiki/Paul_di_Resta,GBR
416,dochnal,Frank,Dochnal,,American,,1920-10-08,http://en.wikipedia.org/wiki/Frank_Dochnal,USA
535,dolhem,José,Dolhem,,French,,1944-04-26,http://en.wikipedia.org/wiki/Jos%C3%A9_Dolhem,FRA
688,donnelly,Martin,Donnelly,,British,,1964-03-26,http://en.wikipedia.org/wiki/Martin_Donnelly_(racing_driver),GBR
501,donohue,Mark,Donohue,,American,,1937-03-18,http://en.wikipedia.org/wiki/Mark_Donohue,USA
788,doornbos,Robert,Doornbos,DOO,Dutch,,1981-09-23,http://en.wikipedia.org/wiki/Robert_Doornbos,NLD
313,orey,Fritz,d'Orey,,Brazilian,,1938-03-25,http://en.wikipedia.org/wiki/Fritz_d%27Orey,BRA
143,downing,Ken,Downing,,British,,1917-12-05,http://en.wikipedia.org/wiki/Ken_Downing,GBR
355,drake,Bob,Drake,,American,,1919-12-14,http://en.wikipedia.org/wiki/Bob_Drake_(Formula_One),USA
422,driver,Paddy,Driver,,South African,,1934-05-13,http://en.wikipedia.org/wiki/Paddy_Driver,ZAF
349,drogo,Piero,Drogo,,Italian,,1926-08-08,http://en.wikipedia.org/wiki/Piero_Drogo,ITA
367,duke,Geoff,Duke,,British,,1923-03-29,http://en.wikipedia.org/wiki/Geoff_Duke,GBR
660,dumfries,Johnny,Dumfries,,British,,1958-04-26,http://en.wikipedia.org/wiki/Johnny_Dumfries,GBR
207,duncan,Len,Duncan,,American,,1911-07-25,http://en.wikipedia.org/wiki/Len_Duncan,USA
166,dusio,Piero,Dusio,,Italian,,1899-10-13,http://en.wikipedia.org/wiki/Piero_Dusio,ITA
477,eaton,George,Eaton,,Canadian,,1945-11-12,http://en.wikipedia.org/wiki/George_Eaton,CAN
283,ecclestone,Bernie,Ecclestone,,British,,1930-10-28,http://en.wikipedia.org/wiki/Bernie_Ecclestone,GBR
264,edmunds,Don,Edmunds,,American,,1930-09-23,http://en.wikipedia.org/wiki/Don_Edmunds,USA
522,edwards,Guy,Edwards,,British,,1942-12-30,http://en.wikipedia.org/wiki/Guy_Edwards,GBR
468,elford,Vic,Elford,,British,,1935-06-10,http://en.wikipedia.org/wiki/Vic_Elford,GBR
203,elisian,Ed,Elisian,,American,,1926-12-09,http://en.wikipedia.org/wiki/Ed_Elisian,USA
255,emery,Paul,Emery,,British,,1916-11-12,http://en.wikipedia.org/wiki/Paul_Emery,GBR
766,enge,Tomáš,Enge,,Czech,,1976-09-11,http://en.wikipedia.org/wiki/Tom%C3%A1%C5%A1_Enge,CZE
274,england,Paul,England,,Australian,,1929-03-28,http://en.wikipedia.org/wiki/Paul_England,AUS
556,ertl,Harald,Ertl,,Austrian,,1948-08-31,http://en.wikipedia.org/wiki/Harald_Ertl,AUT
336,estefano,Nasif,Estéfano,,Argentine,,1932-11-18,http://en.wikipedia.org/wiki/Nasif_Est%C3%A9fano,ARG
8,etancelin,Philippe,Étancelin,,French,,1896-12-28,http://en.wikipedia.org/wiki/Philippe_%C3%89tancelin,FRA
546,evans,Bob,Evans,,British,,1947-06-11,http://en.wikipedia.org/wiki/Bob_Evans_(race_driver),GBR
638,fabi,Teo,Fabi,,Italian,,1955-03-09,http://en.wikipedia.org/wiki/Teo_Fabi,ITA
643,corrado_fabi,Corrado,Fabi,,Italian,,1961-04-12,http://en.wikipedia.org/wiki/Corrado_Fabi,ITA
665,fabre,Pascal,Fabre,,French,,1960-01-09,http://en.wikipedia.org/wiki/Pascal_Fabre,FRA
544,facetti,Carlo,Facetti,,Italian,,1935-06-26,http://en.wikipedia.org/wiki/Carlo_Facetti,ITA
2,fagioli,Luigi,Fagioli,,Italian,,1898-06-09,http://en.wikipedia.org/wiki/Luigi_Fagioli,ITA
183,fairman,Jack,Fairman,,British,,1913-03-15,http://en.wikipedia.org/wiki/Jack_Fairman,GBR
13,fangio,Juan,Fangio,,Argentine,,1911-06-24,http://en.wikipedia.org/wiki/Juan_Manuel_Fangio,ARG
1,farina,Nino,Farina,,Italian,,1906-10-30,http://en.wikipedia.org/wiki/Nino_Farina,ITA
41,faulkner,Walt,Faulkner,,American,,1920-02-16,http://en.wikipedia.org/wiki/Walt_Faulkner,USA
776,firman,Ralph,Firman,,Irish,,1975-05-20,http://en.wikipedia.org/wiki/Ralph_Firman,IRL
83,fischer,Rudi,Fischer,,Swiss,,1912-04-19,http://en.wikipedia.org/wiki/Rudi_Fischer,CHE
460,fisher,Mike,Fisher,,American,,1943-03-13,http://en.wikipedia.org/wiki/Mike_Fisher_(driver),USA
744,fisichella,Giancarlo,Fisichella,FIS,Italian,,1973-01-14,http://en.wikipedia.org/wiki/Giancarlo_Fisichella,ITA
199,fitch,John,Fitch,,American,,1917-08-04,http://en.wikipedia.org/wiki/John_Fitch_(driver),USA
485,emerson_fittipaldi,Emerson,Fittipaldi,,Brazilian,,1946-12-12,http://en.wikipedia.org/wiki/Emerson_Fittipaldi,BRA
507,wilson_fittipaldi,Wilson,Fittipaldi,,Brazilian,,1943-12-25,http://en.wikipedia.org/wiki/Wilson_Fittipaldi,BRA
708,fittipaldi,Christian,Fittipaldi,,Brazilian,,1971-01-18,http://en.wikipedia.org/wiki/Christian_Fittipaldi,BRA
850,pietro_fittipaldi,Pietro,Fittipaldi,FIT,Brazilian,51,1996-06-25,http://en.wikipedia.org/wiki/Pietro_Fittipaldi,BRA
190,fitzau,Theo,Fitzau,,East German,,1923-02-10,http://en.wikipedia.org/wiki/Theo_Fitzau,DEU
44,flaherty,Pat,Flaherty,,American,,1926-01-06,http://en.wikipedia.org/wiki/Pat_Flaherty_(racing_driver),USA
162,flinterman,Jan,Flinterman,,Dutch,,1919-10-02,http://en.wikipedia.org/wiki/Jan_Flinterman,NLD
216,flockhart,Ron,Flockhart,,British,,1923-06-16,http://en.wikipedia.org/wiki/Ron_Flockhart_(auto_racing),GBR
45,fohr,Myron,Fohr,,American,,1912-06-17,http://en.wikipedia.org/wiki/Myron_Fohr,USA
681,foitek,Gregor,Foitek,,Swiss,,1965-03-27,http://en.wikipedia.org/wiki/Gregor_Foitek,CHE
513,follmer,George,Follmer,,American,,1934-01-27,http://en.wikipedia.org/wiki/George_Follmer,USA
127,fonder,George,Fonder,,American,,1917-06-22,http://en.wikipedia.org/wiki/George_Fonder,USA
751,fontana,Norberto,Fontana,,Argentine,,1975-01-20,http://en.wikipedia.org/wiki/Norberto_Fontana,ARG
316,fontes,Azdrubal,Fontes,,Uruguayan,,1922-12-26,http://en.wikipedia.org/wiki/Azdrubal_Fontes,URY
90,forberg,Carl,Forberg,,American,,1911-03-04,http://en.wikipedia.org/wiki/Carl_Forberg,USA
92,force,Gene,Force,,American,,1916-06-15,http://en.wikipedia.org/wiki/Gene_Force,USA
668,forini,Franco,Forini,,Swiss,,1958-09-22,http://en.wikipedia.org/wiki/Franco_Forini,CHE
106,parker,Philip,Fotheringham-Parker,,British,,1907-09-22,http://en.wikipedia.org/wiki/Philip_Fotheringham-Parker,GBR
288,foyt,Anthony,Foyt,,American,,1935-01-16,http://en.wikipedia.org/wiki/A.J._Foyt,USA
604,gimax,Carlo,Franchi,,Italian,,1938-01-01,http://en.wikipedia.org/wiki/Gimax,ITA
593,francia,Giorgio,Francia,,Italian,,1947-11-08,http://en.wikipedia.org/wiki/Giorgio_Francia,ITA
177,freeland,Don,Freeland,,American,,1925-03-25,http://en.wikipedia.org/wiki/Don_Freeland,USA
725,frentzen,Heinz-Harald,Frentzen,,German,,1967-05-18,http://en.wikipedia.org/wiki/Heinz-Harald_Frentzen,DEU
132,frere,Paul,Frère,,Belgian,,1917-01-30,http://en.wikipedia.org/wiki/Paul_Fr%C3%A8re,BEL
785,friesacher,Patrick,Friesacher,FRI,Austrian,,1980-09-26,http://en.wikipedia.org/wiki/Patrick_Friesacher,AUT
11,fry,Joe,Fry,,British,,1915-10-26,http://en.wikipedia.org/wiki/Joe_Fry,GBR
552,fushida,Hiroshi,Fushida,,Japanese,,1946-03-10,http://en.wikipedia.org/wiki/Hiroshi_Fushida,JPN
606,gabbiani,Beppe,Gabbiani,,Italian,,1957-01-02,http://en.wikipedia.org/wiki/Beppe_Gabbiani,ITA
684,gachot,Bertrand,Gachot,,Belgian,,1962-12-23,http://en.wikipedia.org/wiki/Bertrand_Gachot,BEL
610,gaillard,Patrick,Gaillard,,French,,1952-02-12,http://en.wikipedia.org/wiki/Patrick_Gaillard,FRA
569,galica,Divina,Galica,,British,,1944-08-13,http://en.wikipedia.org/wiki/Divina_Galica,GBR
487,galli,Nanni,Galli,,Italian,,1940-10-02,http://en.wikipedia.org/wiki/Nanni_Galli,ITA
167,galvez,Oscar,Gálvez,,Argentine,,1913-08-17,http://en.wikipedia.org/wiki/%C3%93scar_Alfredo_G%C3%A1lvez,ARG
350,gamble,Fred,Gamble,,American,,1932-03-17,http://en.wikipedia.org/wiki/Fred_Gamble_(racing_driver),USA
491,ganley,Howden,Ganley,,New Zealander,,1941-12-24,http://en.wikipedia.org/wiki/Howden_Ganley,NZL
425,gardner,Frank,Gardner,,Australian,,1930-10-01,http://en.wikipedia.org/wiki/Frank_Gardner_(driver),AUS
246,garrett,Billy,Garrett,,American,,1933-04-24,http://en.wikipedia.org/wiki/Billy_Garrett,USA
653,gartner,Jo,Gartner,,Austrian,,1954-01-24,http://en.wikipedia.org/wiki/Jo_Gartner,AUT
841,gasly,Pierre,Gasly,GAS,French,10,1996-02-07,http://en.wikipedia.org/wiki/Pierre_Gasly,FRA
137,gaze,Tony,Gaze,,Australian,,1920-02-03,http://en.wikipedia.org/wiki/Tony_Gaze,AUS
240,gendebien,Olivier,Gendebien,,Belgian,,1924-01-12,http://en.wikipedia.org/wiki/Olivier_Gendebien,BEL
756,gene,Marc,Gené,,Spanish,,1974-03-29,http://en.wikipedia.org/wiki/Marc_Gen%C3%A9,ESP
268,george,Elmer,George,,American,,1928-07-15,http://en.wikipedia.org/wiki/Elmer_George,USA
6,gerard,Bob,Gerard,,British,,1914-01-19,http://en.wikipedia.org/wiki/Bob_Gerard,GBR
239,gerini,Gerino,Gerini,,Italian,,1928-08-10,http://en.wikipedia.org/wiki/Gerino_Gerini_(racing_driver),ITA
484,gethin,Peter,Gethin,,British,,1940-02-21,http://en.wikipedia.org/wiki/Peter_Gethin,GBR
632,ghinzani,Piercarlo,Ghinzani,,Italian,,1952-01-16,http://en.wikipedia.org/wiki/Piercarlo_Ghinzani,ITA
591,giacomelli,Bruno,Giacomelli,,Italian,,1952-09-10,http://en.wikipedia.org/wiki/Bruno_Giacomelli,ITA
275,gibson,Dick,Gibson,,British,,1918-04-16,http://en.wikipedia.org/wiki/Dick_Gibson,GBR
339,ginther,Richie,Ginther,,American,,1930-08-05,http://en.wikipedia.org/wiki/Richie_Ginther,USA
839,giovinazzi,Antonio,Giovinazzi,GIO,Italian,99,1993-12-14,http://en.wikipedia.org/wiki/Antonio_Giovinazzi,ITA
481,giunti,Ignazio,Giunti,,Italian,,1941-08-30,http://en.wikipedia.org/wiki/Ignazio_Giunti,ITA
782,glock,Timo,Glock,GLO,German,,1982-03-18,http://en.wikipedia.org/wiki/Timo_Glock,DEU
111,godia,Paco,Godia,,Spanish,,1921-03-21,http://en.wikipedia.org/wiki/Paco_Godia,ESP
298,goethals,Christian,Goethals,,Belgian,,1928-08-04,http://en.wikipedia.org/wiki/Christian_Goethals,BEL
289,goldsmith,Paul,Goldsmith,,American,,1925-10-02,http://en.wikipedia.org/wiki/Paul_Goldsmith,USA
27,gonzalez,José Froilán,González,,Argentine,,1922-10-05,http://en.wikipedia.org/wiki/Jos%C3%A9_Froil%C3%A1n_Gonz%C3%A1lez,ARG
241,oscar_gonzalez,Óscar,González,,Uruguayan,,1923-11-10,http://en.wikipedia.org/wiki/%C3%93scar_Gonz%C3%A1lez_(racing_driver),URY
102,gordini,Aldo,Gordini,,French,,1921-05-20,http://en.wikipedia.org/wiki/Aldo_Gordini,FRA
214,gould,Horace,Gould,,British,,1918-09-20,http://en.wikipedia.org/wiki/Horace_Gould,GBR
722,gounon,Jean-Marc,Gounon,,French,,1963-01-01,http://en.wikipedia.org/wiki/Jean-Marc_Gounon,FRA
37,green,Cecil,Green,,American,,1919-09-30,http://en.wikipedia.org/wiki/Cecil_Green,USA
322,greene,Keith,Greene,,British,,1938-01-05,http://en.wikipedia.org/wiki/Keith_Greene,GBR
261,gregory,Masten,Gregory,,American,,1932-02-29,http://en.wikipedia.org/wiki/Masten_Gregory,USA
98,griffith,Cliff,Griffith,,American,,1916-02-06,http://en.wikipedia.org/wiki/Cliff_Griffith,USA
112,grignard,Georges,Grignard,,French,,1905-07-25,http://en.wikipedia.org/wiki/Georges_Grignard,FRA
310,grim,Bobby,Grim,,American,,1924-09-04,http://en.wikipedia.org/wiki/Bobby_Grim,USA
805,grosjean,Romain,Grosjean,GRO,French,8,1986-04-17,http://en.wikipedia.org/wiki/Romain_Grosjean,FRA
680,grouillard,Olivier,Grouillard,,French,,1958-09-02,http://en.wikipedia.org/wiki/Olivier_Grouillard,FRA
441,gubby,Brian,Gubby,,British,,1934-04-17,http://en.wikipedia.org/wiki/Brian_Gubby,GBR
300,guelfi,André,Guelfi,,French,,1919-05-06,http://en.wikipedia.org/wiki/Andr%C3%A9_Guelfi,FRA
625,guerra,Miguel Ángel,Guerra,,Argentine,,1953-08-31,http://en.wikipedia.org/wiki/Miguel_Angel_Guerra,ARG
637,guerrero,Roberto,Guerrero,,Colombian,,1958-11-16,http://en.wikipedia.org/wiki/Roberto_Guerrero,COL
673,gugelmin,Maurício,Gugelmin,,Brazilian,,1963-04-20,http://en.wikipedia.org/wiki/Maur%C3%ADcio_Gugelmin,BRA
314,gurney,Dan,Gurney,,American,,1931-04-13,http://en.wikipedia.org/wiki/Dan_Gurney,USA
819,gutierrez,Esteban,Gutiérrez,GUT,Mexican,21,1991-08-05,http://en.wikipedia.org/wiki/Esteban_Guti%C3%A9rrez,MEX
864,hadjar,Isack,Hadjar,HAD,French,6,2004-09-28,https://en.wikipedia.org/wiki/Isack_Hadjar,FRA
457,hahne,Hubert,Hahne,,German,,1935-03-28,http://en.wikipedia.org/wiki/Hubert_Hahne,DEU
407,hailwood,Mike,Hailwood,,British,,1940-04-02,http://en.wikipedia.org/wiki/Mike_Hailwood,GBR
696,hakkinen,Mika,Häkkinen,,Finnish,,1968-09-28,http://en.wikipedia.org/wiki/Mika_H%C3%A4kkinen,FIN
253,halford,Bruce,Halford,,British,,1931-05-18,http://en.wikipedia.org/wiki/Bruce_Halford,GBR
354,hall,Jim,Hall,,American,,1935-07-23,http://en.wikipedia.org/wiki/Jim_Hall_(race_car_driver),USA
105,duncan_hamilton,Duncan,Hamilton,,British,,1920-04-30,http://en.wikipedia.org/wiki/Duncan_Hamilton_(racing_driver),GBR
795,hamilton,Lewis,Hamilton,HAM,British,44,1985-01-07,http://en.wikipedia.org/wiki/Lewis_Hamilton,GBR
9,hampshire,David,Hampshire,,British,,1917-12-29,http://en.wikipedia.org/wiki/David_Hampshire,GBR
65,hanks,Sam,Hanks,,American,,1914-07-13,http://en.wikipedia.org/wiki/Sam_Hanks,USA
379,hansgen,Walt,Hansgen,,American,,1919-10-28,http://en.wikipedia.org/wiki/Walt_Hansgen,USA
400,harris,Mike,Harris,,South African,,1939-05-25,http://en.wikipedia.org/wiki/Mike_Harris_(race_car_driver),ZAF
7,harrison,Cuth,Harrison,,British,,1906-07-06,http://en.wikipedia.org/wiki/Cuth_Harrison,GBR
456,hart,Brian,Hart,,British,,1936-09-07,http://en.wikipedia.org/wiki/Brian_Hart,GBR
50,hartley,Gene,Hartley,,American,,1926-01-28,http://en.wikipedia.org/wiki/Gene_Hartley,USA
842,brendon_hartley,Brendon,Hartley,HAR,New Zealander,28,1989-11-10,http://en.wikipedia.org/wiki/Brendon_Hartley,NZL
836,haryanto,Rio,Haryanto,HAR,Indonesian,88,1993-01-22,http://en.wikipedia.org/wiki/Rio_Haryanto,IDN
578,hasemi,Masahiro,Hasemi,,Japanese,,1945-11-13,http://en.wikipedia.org/wiki/Masahiro_Hasemi,JPN
706,hattori,Naoki,Hattori,,Japanese,,1966-06-13,http://en.wikipedia.org/wiki/Naoki_Hattori,JPN
431,hawkins,Paul,Hawkins,,Australian,,1937-10-12,http://en.wikipedia.org/wiki/Paul_Hawkins_(racing_driver),AUS
131,hawthorn,Mike,Hawthorn,,British,,1929-04-10,http://en.wikipedia.org/wiki/Mike_Hawthorn,GBR
154,heeks,Willi,Heeks,,German,,1922-02-13,http://en.wikipedia.org/wiki/Willi_Heeks,DEU
758,heidfeld,Nick,Heidfeld,HEI,German,,1977-05-10,http://en.wikipedia.org/wiki/Nick_Heidfeld,DEU
160,helfrich,Theo,Helfrich,,German,,1913-05-13,http://en.wikipedia.org/wiki/Theo_Helfrich,DEU
47,hellings,Mack,Hellings,,American,,1915-09-14,http://en.wikipedia.org/wiki/Mack_Hellings,USA
553,henton,Brian,Henton,,British,,1946-09-19,http://en.wikipedia.org/wiki/Brian_Henton,GBR
679,herbert,Johnny,Herbert,,British,,1964-06-25,http://en.wikipedia.org/wiki/Johnny_Herbert,GBR
226,herman,Al,Herman,,American,,1927-03-15,http://en.wikipedia.org/wiki/Al_Herman,USA
185,herrmann,Hans,Herrmann,,German,,1928-02-23,http://en.wikipedia.org/wiki/Hans_Herrmann,DEU
649,hesnault,François,Hesnault,,French,,1956-12-30,http://en.wikipedia.org/wiki/Fran%C3%A7ois_Hesnault,FRA
589,heyer,Hans,Heyer,,German,,1943-03-16,http://en.wikipedia.org/wiki/Hans_Heyer,DEU
277,hill,Graham,Hill,,British,,1929-02-15,http://en.wikipedia.org/wiki/Graham_Hill,GBR
293,phil_hill,Phil,Hill,,American,,1927-04-20,http://en.wikipedia.org/wiki/Phil_Hill,USA
712,damon_hill,Damon,Hill,,British,,1960-09-17,http://en.wikipedia.org/wiki/Damon_Hill,GBR
85,hirt,Peter,Hirt,,Swiss,,1910-03-30,http://en.wikipedia.org/wiki/Peter_Hirt,CHE
197,mantovani,Sergio,Mantovani,,Italian,,1929-05-22,http://en.wikipedia.org/wiki/Sergio_Mantovani,ITA
174,mantz,Johnny,Mantz,,American,,1918-09-18,http://en.wikipedia.org/wiki/Johnny_Mantz,USA
28,manzon,Robert,Manzon,,French,,1917-04-12,http://en.wikipedia.org/wiki/Robert_Manzon,FRA
104,marimon,Onofre,Marimón,,Argentine,,1923-12-19,http://en.wikipedia.org/wiki/Onofre_Marim%C3%B3n,ARG
498,marko,Helmut,Marko,,Austrian,,1943-04-27,http://en.wikipedia.org/wiki/Helmut_Marko,AUT
745,marques,Tarso,Marques,,Brazilian,,1976-01-19,http://en.wikipedia.org/wiki/Tarso_Marques,BRA
212,marr,Leslie,Marr,,British,,1922-08-14,http://en.wikipedia.org/wiki/Leslie_Marr,GBR
273,marsh,Tony,Marsh,,British,,1931-07-20,http://en.wikipedia.org/wiki/Tony_Marsh_(racing_driver),GBR
20,martin,Eugène,Martin,,French,,1915-03-24,http://en.wikipedia.org/wiki/Eug%C3%A8ne_Martin,FRA
656,martini,Pierluigi,Martini,,Italian,,1961-04-23,http://en.wikipedia.org/wiki/Pierluigi_Martini,ITA
519,mass,Jochen,Mass,,German,,1946-09-30,http://en.wikipedia.org/wiki/Jochen_Mass,DEU
770,massa,Felipe,Massa,MAS,Brazilian,19,1981-04-25,http://en.wikipedia.org/wiki/Felipe_Massa,BRA
356,may,Michael,May,,Swiss,,1934-08-18,http://en.wikipedia.org/wiki/Michael_May_(racing_driver),CHE
394,mayer,Timmy,Mayer,,American,,1938-02-22,http://en.wikipedia.org/wiki/Timmy_Mayer,USA
853,mazepin,Nikita,Mazepin,MAZ,Russian,9,1999-03-02,http://en.wikipedia.org/wiki/Nikita_Mazepin,RUS
495,mazet,François,Mazet,,French,,1943-02-24,http://en.wikipedia.org/wiki/Fran%C3%A7ois_Mazet,FRA
760,mazzacane,Gastón,Mazzacane,,Argentine,,1975-05-08,http://en.wikipedia.org/wiki/Gast%C3%B3n_Mazzacane,ARG
145,mcalpine,Kenneth,McAlpine,,British,,1920-09-21,http://en.wikipedia.org/wiki/Kenneth_McAlpine,GBR
713,mccarthy,Perry,McCarthy,,British,,1961-03-03,http://en.wikipedia.org/wiki/Perry_McCarthy,GBR
173,mccoy,Ernie,McCoy,,American,,1921-02-19,http://en.wikipedia.org/wiki/Ernie_McCoy,USA
52,mcdowell,Johnny,McDowell,,American,,1915-01-29,http://en.wikipedia.org/wiki/Johnny_McDowell,USA
48,mcgrath,Jack,McGrath,,American,,1919-10-08,http://en.wikipedia.org/wiki/Jack_McGrath_(racing_driver),USA
588,mcguire,Brian,McGuire,,Australian,,1945-12-13,http://en.wikipedia.org/wiki/Brian_McGuire,AUS
297,mclaren,Bruce,McLaren,,New Zealander,,1937-08-30,http://en.wikipedia.org/wiki/Bruce_McLaren,NZL
771,mcnish,Allan,McNish,,British,,1969-12-29,http://en.wikipedia.org/wiki/Allan_McNish,GBR
521,mcrae,Graham,McRae,,New Zealander,,1940-03-05,http://en.wikipedia.org/wiki/Graham_McRae,NZL
308,mcwithey,Jim,McWithey,,American,,1927-07-04,http://en.wikipedia.org/wiki/Jim_McWithey,USA
169,menditeguy,Carlos,Menditeguy,,Argentine,,1914-08-10,http://en.wikipedia.org/wiki/Carlos_Menditeguy,ARG
832,merhi,Roberto,Merhi,MER,Spanish,98,1991-03-22,http://en.wikipedia.org/wiki/Roberto_Merhi,ESP
509,merzario,Arturo,Merzario,,Italian,,1943-03-11,http://en.wikipedia.org/wiki/Arturo_Merzario,ITA
179,mieres,Roberto,Mieres,,Argentine,,1924-12-03,http://en.wikipedia.org/wiki/Roberto_Mieres,ARG
510,migault,François,Migault,,French,,1944-12-04,http://en.wikipedia.org/wiki/Fran%C3%A7ois_Migault,FRA
380,ken_miles,Ken,Miles,,British,,1918-11-01,http://en.wikipedia.org/wiki/Ken_Miles,GBR
475,miles,John,Miles,,British,,1943-06-14,http://en.wikipedia.org/wiki/John_Miles_(auto_racer),GBR
256,milhoux,André,Milhoux,,Belgian,,1928-12-09,http://en.wikipedia.org/wiki/Andr%C3%A9_Milhoux,BEL
96,miller,Chet,Miller,,American,,1902-07-19,http://en.wikipedia.org/wiki/Chet_Miller,USA
406,mitter,Gerhard,Mitter,,German,,1935-08-30,http://en.wikipedia.org/wiki/Gerhard_Mitter,DEU
671,modena,Stefano,Modena,,Italian,,1963-05-12,http://en.wikipedia.org/wiki/Stefano_Modena,ITA
417,monarch,Thomas,Monarch,,American,,1945-09-03,http://en.wikipedia.org/wiki/Talk:1963_Mexican_Grand_Prix#Who_was_Thomas_Monarch.3F,USA
792,montagny,Franck,Montagny,FMO,French,,1978-01-05,http://en.wikipedia.org/wiki/Franck_Montagny,FRA
784,monteiro,Tiago,Monteiro,TMO,Portuguese,,1976-07-24,http://en.wikipedia.org/wiki/Tiago_Monteiro,PRT
729,montermini,Andrea,Montermini,,Italian,,1964-05-30,http://en.wikipedia.org/wiki/Andrea_Montermini,ITA
365,monteverdi,Peter,Monteverdi,,Swiss,,1934-06-07,http://en.wikipedia.org/wiki/Peter_Monteverdi,CHE
138,charrington,Robin,Montgomerie-Charrington,,British,,1915-06-23,http://en.wikipedia.org/wiki/Robin_Montgomerie-Charrington,GBR
692,morbidelli,Gianni,Morbidelli,,Italian,,1968-01-13,http://en.wikipedia.org/wiki/Gianni_Morbidelli,ITA
639,moreno,Roberto,Moreno,,Brazilian,,1959-02-11,http://en.wikipedia.org/wiki/Roberto_Moreno,BRA
554,morgan,Dave,Morgan,,British,,1944-08-07,http://en.wikipedia.org/wiki/Dave_Morgan_(racing_driver),GBR
453,moser,Silvio,Moser,,Swiss,,1941-04-24,http://en.wikipedia.org/wiki/Silvio_Moser,CHE
82,moss,Stirling,Moss,,British,,1929-09-17,http://en.wikipedia.org/wiki/Stirling_Moss,GBR
323,bill_moss,Bill,Moss,,British,,1933-09-04,http://en.wikipedia.org/wiki/Bill_Moss_(racing_driver),GBR
335,munaron,Gino,Munaron,,Italian,,1928-04-02,http://en.wikipedia.org/wiki/Gino_Munaron,ITA
16,murray,David,Murray,,British,,1909-12-28,http://en.wikipedia.org/wiki/David_Murray_(driver),GBR
196,musso,Luigi,Musso,,Italian,,1924-07-28,http://en.wikipedia.org/wiki/Luigi_Musso,ITA
664,satoru_nakajima,Satoru,Nakajima,,Japanese,,1953-02-23,http://en.wikipedia.org/wiki/Satoru_Nakajima,JPN
800,nakajima,Kazuki,Nakajima,NAK,Japanese,,1985-01-11,http://en.wikipedia.org/wiki/Kazuki_Nakajima,JPN
746,nakano,Shinji,Nakano,,Japanese,,1971-04-01,http://en.wikipedia.org/wiki/Shinji_Nakano,JPN
91,nalon,Duke,Nalon,,American,,1913-03-02,http://en.wikipedia.org/wiki/Duke_Nalon,USA
661,nannini,Alessandro,Nannini,,Italian,,1959-07-07,http://en.wikipedia.org/wiki/Alessandro_Nannini,ITA
714,naspetti,Emanuele,Naspetti,,Italian,,1968-02-24,http://en.wikipedia.org/wiki/Emanuele_Naspetti,ITA
829,nasr,Felipe,Nasr,NAS,Brazilian,12,1992-08-21,http://en.wikipedia.org/wiki/Felipe_Nasr,BRA
364,natili,Massimo,Natili,,Italian,,1935-07-28,http://en.wikipedia.org/wiki/Massimo_Natili,ITA
271,naylor,Brian,Naylor,,British,,1923-03-24,http://en.wikipedia.org/wiki/Brian_Naylor,GBR
86,nazaruk,Mike,Nazaruk,,American,,1921-10-02,http://en.wikipedia.org/wiki/Mike_Nazaruk,USA
617,needell,Tiff,Needell,,British,,1951-10-29,http://en.wikipedia.org/wiki/Tiff_Needell,GBR
568,nelleman,Jac,Nelleman,,Danish,,1944-04-19,http://en.wikipedia.org/wiki/Jac_Nelleman,DNK
567,neve,Patrick,Nève,,Belgian,,1949-10-13,http://en.wikipedia.org/wiki/Patrick_Neve,BEL
537,nicholson,John,Nicholson,,New Zealander,,1941-10-06,http://en.wikipedia.org/wiki/John_Nicholson_(racing_driver),NZL
178,niday,Cal,Niday,,American,,1914-04-29,http://en.wikipedia.org/wiki/Cal_Niday,USA
151,niedermayr,Helmut,Niedermayr,,German,,1915-11-29,http://en.wikipedia.org/wiki/Helmut_Niedermayr,DEU
419,niemann,Brausch,Niemann,,South African,,1939-01-07,http://en.wikipedia.org/wiki/Brausch_Niemann,ZAF
563,nilsson,Gunnar,Nilsson,,Swedish,,1948-11-20,http://en.wikipedia.org/wiki/Gunnar_Nilsson,SWE
732,noda,Hideki,Noda,,Japanese,,1969-03-07,http://en.wikipedia.org/wiki/Hideki_Noda,JPN
845,norris,Lando,Norris,NOR,British,4,1999-11-13,http://en.wikipedia.org/wiki/Lando_Norris,GBR
186,nuckey,Rodney,Nuckey,,British,,1929-06-26,http://en.wikipedia.org/wiki/Rodney_Nuckey,GBR
136,obrien,Robert,O'Brien,,American,,1908-04-11,http://en.wikipedia.org/wiki/Robert_O%27Brien_(auto_racer),USA
838,ocon,Esteban,Ocon,OCO,French,31,1996-09-17,http://en.wikipedia.org/wiki/Esteban_Ocon,FRA
205,connor,Pat,O'Connor,,American,,1928-10-09,http://en.wikipedia.org/wiki/Pat_O%27Connor_(auto_racer),USA
454,oliver,Jackie,Oliver,,British,,1942-08-14,http://en.wikipedia.org/wiki/Jackie_Oliver,GBR
594,ongais,Danny,Ongais,,American,,1942-05-21,http://en.wikipedia.org/wiki/Danny_Ongais,USA
353,owen,Arthur,Owen,,British,,1915-03-23,http://en.wikipedia.org/wiki/Arthur_Owen,GBR
764,montoya,Juan,Pablo Montoya,MON,Colombian,,1975-09-20,http://en.wikipedia.org/wiki/Juan_Pablo_Montoya,COL
506,pace,Carlos,Pace,,Brazilian,,1944-10-06,http://en.wikipedia.org/wiki/Carlos_Pace,BRA
69,pagani,Nello,Pagani,,Italian,,1911-10-11,http://en.wikipedia.org/wiki/Nello_Pagani,ITA
636,paletti,Riccardo,Paletti,,Italian,,1958-06-15,http://en.wikipedia.org/wiki/Riccardo_Paletti,ITA
550,palm,Torsten,Palm,,Swedish,,1947-07-23,http://en.wikipedia.org/wiki/Torsten_Palm,SWE
647,palmer,Jonathan,Palmer,,British,,1956-11-07,http://en.wikipedia.org/wiki/Jonathan_Palmer,GBR
834,jolyon_palmer,Jolyon,Palmer,PAL,British,30,1991-01-20,http://en.wikipedia.org/wiki/Jolyon_Palmer,GBR
723,panis,Olivier,Panis,,French,,1966-09-02,http://en.wikipedia.org/wiki/Olivier_Panis,FRA
780,pantano,Giorgio,Pantano,,Italian,,1979-02-04,http://en.wikipedia.org/wiki/Giorgio_Pantano,ITA
739,papis,Massimiliano,Papis,,Italian,,1969-10-03,http://en.wikipedia.org/wiki/Massimiliano_Papis,ITA
324,parkes,Mike,Parkes,,British,,1931-09-24,http://en.wikipedia.org/wiki/Mike_Parkes,GBR
3,reg_parnell,Reg,Parnell,,British,,1911-07-02,http://en.wikipedia.org/wiki/Reg_Parnell,GBR
327,parnell,Tim,Parnell,,British,,1932-06-25,http://en.wikipedia.org/wiki/Tim_Parnell,GBR
34,parsons,Johnnie,Parsons,,American,,1918-07-04,http://en.wikipedia.org/wiki/Johnnie_Parsons,USA
581,patrese,Riccardo,Patrese,,Italian,,1954-04-17,http://en.wikipedia.org/wiki/Riccardo_Patrese,ITA
462,pease,Al,Pease,,Canadian,,1921-10-15,http://en.wikipedia.org/wiki/Al_Pease,CAN
376,penske,Roger,Penske,,American,,1937-02-20,http://en.wikipedia.org/wiki/Roger_Penske,USA
224,perdisa,Cesare,Perdisa,,Italian,,1932-10-21,http://en.wikipedia.org/wiki/Cesare_Perdisa,ITA
815,perez,Sergio,Pérez,PER,Mexican,11,1990-01-26,http://en.wikipedia.org/wiki/Sergio_P%C3%A9rez,MEX
672,sala,Luis,Pérez-Sala,,Spanish,,1959-05-15,http://en.wikipedia.org/wiki/Luis_Perez-Sala,ESP
541,perkins,Larry,Perkins,,Australian,,1950-03-18,http://en.wikipedia.org/wiki/Larry_Perkins,AUS
471,pescarolo,Henri,Pescarolo,,French,,1942-09-25,http://en.wikipedia.org/wiki/Henri_Pescarolo,FRA
570,pesenti_rossi,Alessandro,Pesenti-Rossi,,Italian,,1942-08-31,http://en.wikipedia.org/wiki/Alessandro_Pesenti-Rossi,ITA
161,peters,Josef,Peters,,German,,1914-09-16,http://en.wikipedia.org/wiki/Josef_Peters_(driver),DEU
480,peterson,Ronnie,Peterson,,Swedish,,1944-02-14,http://en.wikipedia.org/wiki/Ronnie_Peterson,SWE
809,petrov,Vitaly,Petrov,PET,Russian,,1984-09-08,http://en.wikipedia.org/wiki/Vitaly_Petrov,RUS
33,pian,Alfredo,Pián,,Argentine,,1912-10-21,http://en.wikipedia.org/wiki/Alfredo_Pi%C3%A0n,ARG
857,piastri,Oscar,Piastri,PIA,Australian,81,2001-04-06,http://en.wikipedia.org/wiki/Oscar_Piastri,AUS
818,pic,Charles,Pic,PIC,French,,1990-02-15,http://en.wikipedia.org/wiki/Charles_Pic,FRA
301,picard,François,Picard,,French,,1921-04-26,http://en.wikipedia.org/wiki/Fran%C3%A7ois_Picard,FRA
398,pieterse,Ernie,Pieterse,,South African,,1938-07-04,http://en.wikipedia.org/wiki/Ernie_Pieterse,ZAF
81,pietsch,Paul,Pietsch,,German,,1911-06-20,http://en.wikipedia.org/wiki/Paul_Pietsch,DEU
101,andre_pilette,André,Pilette,,Belgian,,1918-10-06,http://en.wikipedia.org/wiki/Andr%C3%A9_Pilette,BEL
529,pilette,Teddy,Pilette,,Belgian,,1942-07-26,http://en.wikipedia.org/wiki/Teddy_Pilette,BEL
238,piotti,Luigi,Piotti,,Italian,,1913-10-27,http://en.wikipedia.org/wiki/Luigi_Piotti,ITA
320,piper,David,Piper,,British,,1930-12-02,http://en.wikipedia.org/wiki/David_Piper,GBR
603,piquet,Nelson,Piquet,,Brazilian,,1952-08-17,http://en.wikipedia.org/wiki/Nelson_Piquet,BRA
802,piquet_jr,Nelson,Piquet Jr.,PIQ,Brazilian,,1985-07-25,"http://en.wikipedia.org/wiki/Nelson_Piquet,_Jr.",BRA
366,pirocchi,Renato,Pirocchi,,Italian,,1933-03-26,http://en.wikipedia.org/wiki/Renato_Pirocchi,ITA
596,pironi,Didier,Pironi,,French,,1952-03-26,http://en.wikipedia.org/wiki/Didier_Pironi,FRA
686,pirro,Emanuele,Pirro,,Italian,,1962-01-12,http://en.wikipedia.org/wiki/Emanuele_Pirro,ITA
773,pizzonia,Antônio,Pizzonia,PIZ,Brazilian,,1980-09-11,http://en.wikipedia.org/wiki/Ant%C3%B4nio_Pizzonia,BRA
210,pollet,Jacques,Pollet,,French,,1922-07-02,http://en.wikipedia.org/wiki/Jacques_Pollet,FRA
381,pon,Ben,Pon,,Dutch,,1936-12-09,http://en.wikipedia.org/wiki/Ben_Pon,NLD
140,poore,Dennis,Poore,,British,,1916-08-19,http://en.wikipedia.org/wiki/Dennis_Poore,GBR
504,posey,Sam,Posey,,American,,1944-05-26,http://en.wikipedia.org/wiki/Sam_Posey,USA
73,pozzi,Charles,Pozzi,,French,,1909-08-27,http://en.wikipedia.org/wiki/Charles_Pozzi,FRA
433,pretorius,Jackie,Pretorius,,South African,,1934-11-22,http://en.wikipedia.org/wiki/Jackie_Pretorius,ZAF
374,prinoth,Ernesto,Prinoth,,Italian,,1923-04-15,http://en.wikipedia.org/wiki/Ernesto_Prinoth,ITA
421,prophet,David,Prophet,,British,,1937-10-09,http://en.wikipedia.org/wiki/David_Prophet,GBR
613,prost,Alain,Prost,,French,,1955-02-24,http://en.wikipedia.org/wiki/Alain_Prost,FRA
530,pryce,Tom,Pryce,,British,,1949-06-11,http://en.wikipedia.org/wiki/Tom_Pryce,GBR
516,purley,David,Purley,,British,,1945-01-26,http://en.wikipedia.org/wiki/David_Purley,GBR
432,puzey,Clive,Puzey,,Rhodesian,,1941-07-11,http://en.wikipedia.org/wiki/Clive_Puzey,RSR
542,quester,Dieter,Quester,,Austrian,,1939-05-30,http://en.wikipedia.org/wiki/Dieter_Quester,AUT
409,raby,Ian,Raby,,British,,1921-09-22,http://en.wikipedia.org/wiki/Ian_Raby,GBR
605,rahal,Bobby,Rahal,,American,,1953-01-10,http://en.wikipedia.org/wiki/Bobby_Rahal,USA
762,raikkonen,Kimi,Räikkönen,RAI,Finnish,7,1979-10-17,http://en.wikipedia.org/wiki/Kimi_R%C3%A4ikk%C3%B6nen,FIN
678,raphanel,Pierre-Henri,Raphanel,,French,,1961-05-27,http://en.wikipedia.org/wiki/Pierre-Henri_Raphanel,FRA
58,rathmann,Jim,Rathmann,,American,,1928-07-16,http://en.wikipedia.org/wiki/Jim_Rathmann,USA
66,dick_rathmann,Dick,Rathmann,,American,,1924-01-06,http://en.wikipedia.org/wiki/Dick_Rathmann,USA
727,ratzenberger,Roland,Ratzenberger,,Austrian,,1960-07-04,http://en.wikipedia.org/wiki/Roland_Ratzenberger,AUT
583,rebaque,Hector,Rebaque,,Mexican,,1956-02-05,http://en.wikipedia.org/wiki/Hector_Rebaque,MEX
467,redman,Brian,Redman,,British,,1937-03-09,http://en.wikipedia.org/wiki/Brian_Redman,GBR
125,reece,Jimmy,Reece,,American,,1929-11-17,http://en.wikipedia.org/wiki/Jimmy_Reece,USA
435,reed,Ray,Reed,,South African,,1932-04-30,http://en.wikipedia.org/wiki/Ray_Reed,ZAF
452,rees,Alan,Rees,,British,,1938-01-12,http://en.wikipedia.org/wiki/Alan_Rees_(racing_driver),GBR
482,regazzoni,Clay,Regazzoni,,Swiss,,1939-09-05,http://en.wikipedia.org/wiki/Clay_Regazzoni,CHE
505,reutemann,Carlos,Reutemann,,Argentine,,1942-04-12,http://en.wikipedia.org/wiki/Carlos_Reutemann,ARG
342,reventlow,Lance,Reventlow,,American,,1936-02-24,http://en.wikipedia.org/wiki/Lance_Reventlow,USA
423,revson,Peter,Revson,,American,,1939-02-27,http://en.wikipedia.org/wiki/Peter_Revson,USA
439,rhodes,John,Rhodes,,British,,1927-08-18,http://en.wikipedia.org/wiki/John_Rhodes_(driver),GBR
575,ribeiro,Alex,Ribeiro,,Brazilian,,1948-11-07,http://en.wikipedia.org/wiki/Alex_Ribeiro,BRA
816,ricciardo,Daniel,Ricciardo,RIC,Australian,3,1989-07-01,http://en.wikipedia.org/wiki/Daniel_Ricciardo,AUS
110,richardson,Ken,Richardson,,British,,1911-08-21,http://en.wikipedia.org/wiki/Ken_Richardson_(race_car_driver),GBR
150,riess,Fritz,Riess,,German,,1922-07-11,http://en.wikipedia.org/wiki/Fritz_Riess,DEU
126,rigsby,Jim,Rigsby,,American,,1923-06-06,http://en.wikipedia.org/wiki/Jim_Rigsby,USA
428,rindt,Jochen,Rindt,,Austrian,,1942-04-18,http://en.wikipedia.org/wiki/Jochen_Rindt,AUT
217,riseley_prichard,John,Riseley-Prichard,,British,,1924-01-17,http://en.wikipedia.org/wiki/John_Riseley-Prichard,GBR
523,robarts,Richard,Robarts,,British,,1944-09-22,http://en.wikipedia.org/wiki/Richard_Robarts,GBR
370,ricardo_rodriguez,Ricardo,Rodríguez,,Mexican,,1942-02-14,http://en.wikipedia.org/wiki/Ricardo_Rodr%C3%ADguez_(Formula_One),MEX
413,rodriguez,Pedro,Rodríguez,,Mexican,,1940-01-18,http://en.wikipedia.org/wiki/Pedro_Rodr%C3%ADguez_(racing_driver),MEX
30,rol,Franco,Rol,,Italian,,1908-06-05,http://en.wikipedia.org/wiki/Franco_Rol,ITA
440,rollinson,Alan,Rollinson,,British,,1943-05-15,http://en.wikipedia.org/wiki/Alan_Rollinson,GBR
22,rolt,Tony,Rolt,,British,,1918-10-16,http://en.wikipedia.org/wiki/Tony_Rolt,GBR
533,roos,Bertil,Roos,,Swedish,,1943-10-12,http://en.wikipedia.org/wiki/Bertil_Roos,SWE
598,keke_rosberg,Keke,Rosberg,,Finnish,,1948-12-06,http://en.wikipedia.org/wiki/Keke_Rosberg,FIN
789,rosberg,Nico,Rosberg,ROS,German,6,1985-06-27,http://en.wikipedia.org/wiki/Nico_Rosberg,DEU
36,rose,Mauri,Rose,,American,,1906-05-26,http://en.wikipedia.org/wiki/Mauri_Rose,USA
5,rosier,Louis,Rosier,,French,,1905-11-05,http://en.wikipedia.org/wiki/Louis_Rosier,FRA
743,rosset,Ricardo,Rosset,,Brazilian,,1968-07-27,http://en.wikipedia.org/wiki/Ricardo_Rosset,BRA
833,rossi,Alexander,Rossi,RSS,American,53,1991-09-25,http://en.wikipedia.org/wiki/Alexander_Rossi_%28racing_driver%29,USA
654,rothengatter,Huub,Rothengatter,,Dutch,,1954-10-08,http://en.wikipedia.org/wiki/Huub_Rothengatter,NLD
343,ruby,Lloyd,Ruby,,American,,1928-01-12,http://en.wikipedia.org/wiki/Lloyd_Ruby,USA
847,russell,George,Russell,RUS,British,63,1998-02-15,http://en.wikipedia.org/wiki/George_Russell_(racing_driver),GBR
43,paul_russo,Paul,Russo,,American,,1914-04-10,http://en.wikipedia.org/wiki/Paul_Russo,USA
230,russo,Eddie,Russo,,American,,1925-11-19,http://en.wikipedia.org/wiki/Eddie_Russo,USA
429,geki,Giacomo,Russo,,Italian,,1937-10-23,http://en.wikipedia.org/wiki/Geki_(driver),ITA
49,ruttman,Troy,Ruttman,,American,,1930-03-11,http://en.wikipedia.org/wiki/Troy_Ruttman,USA
377,ryan,Peter,Ryan,,Canadian,,1940-06-10,http://en.wikipedia.org/wiki/Peter_Ryan_(driver),CAN
265,sachs,Eddie,Sachs,,American,,1927-05-28,http://en.wikipedia.org/wiki/Eddie_Sachs,USA
331,said,Bob,Said,,American,,1932-05-05,http://en.wikipedia.org/wiki/Bob_Said,USA
830,sainz,Carlos,Sainz,SAI,Spanish,55,1994-09-01,http://en.wikipedia.org/wiki/Carlos_Sainz_Jr.,ESP
627,salazar,Eliseo,Salazar,,Chilean,,1954-11-14,http://en.wikipedia.org/wiki/Eliseo_Salazar,CHL
733,salo,Mika,Salo,,Finnish,,1966-11-30,http://en.wikipedia.org/wiki/Mika_Salo,FIN
142,salvadori,Roy,Salvadori,,British,,1922-05-12,http://en.wikipedia.org/wiki/Roy_Salvadori,GBR
80,sanesi,Consalvo,Sanesi,,Italian,,1911-03-28,http://en.wikipedia.org/wiki/Consalvo_Sanesi,ITA
856,sargeant,Logan,Sargeant,SAR,American,2,2000-12-31,http://en.wikipedia.org/wiki/Logan_Sargeant,USA
757,sarrazin,Stéphane,Sarrazin,,French,,1975-11-02,http://en.wikipedia.org/wiki/St%C3%A9phane_Sarrazin,FRA
769,sato,Takuma,Sato,SAT,Japanese,,1977-01-28,http://en.wikipedia.org/wiki/Takuma_Sato,JPN
93,scarborough,Carl,Scarborough,,American,,1914-07-03,http://en.wikipedia.org/wiki/Carl_Scarborough,USA
405,scarfiotti,Ludovico,Scarfiotti,,Italian,,1933-10-18,http://en.wikipedia.org/wiki/Ludovico_Scarfiotti,ITA
242,scarlatti,Giorgio,Scarlatti,,Italian,,1921-10-02,http://en.wikipedia.org/wiki/Giorgio_Scarlatti,ITA
511,scheckter,Jody,Scheckter,,South African,,1950-01-29,http://en.wikipedia.org/wiki/Jody_Scheckter,ZAF
526,ian_scheckter,Ian,Scheckter,,South African,,1947-08-22,http://en.wikipedia.org/wiki/Ian_Scheckter,ZAF
31,schell,Harry,Schell,,American,,1921-06-29,http://en.wikipedia.org/wiki/Harry_Schell,USA
486,schenken,Tim,Schenken,,Australian,,1943-09-26,http://en.wikipedia.org/wiki/Tim_Schenken,AUS
195,scherrer,Albert,Scherrer,,Swiss,,1908-02-28,http://en.wikipedia.org/wiki/Albert_Scherrer,CHE
731,schiattarella,Domenico,Schiattarella,,Italian,,1967-11-17,http://en.wikipedia.org/wiki/Domenico_Schiattarella,ITA
384,schiller,Heinz,Schiller,,Swiss,,1930-01-25,http://en.wikipedia.org/wiki/Heinz_Schiller,CHE
60,schindler,Bill,Schindler,,American,,1909-03-06,http://en.wikipedia.org/wiki/Bill_Schindler,USA
459,jo_schlesser,Jo,Schlesser,,French,,1928-05-18,http://en.wikipedia.org/wiki/Jo_Schlesser,FRA
644,schlesser,Jean-Louis,Schlesser,,French,,1948-09-12,http://en.wikipedia.org/wiki/Jean-Louis_Schlesser,FRA
676,schneider,Bernd,Schneider,,German,,1964-07-20,http://en.wikipedia.org/wiki/Bernd_Schneider_(racecar_driver),DEU
159,schoeller,Rudolf,Schoeller,,Swiss,,1902-04-27,http://en.wikipedia.org/wiki/Rudolf_Schoeller,CHE
393,schroeder,Rob,Schroeder,,British,,1926-05-11,http://en.wikipedia.org/wiki/Rob_Schroeder,GBR
703,michael_schumacher,Michael,Schumacher,MSC,German,,1969-01-03,http://en.wikipedia.org/wiki/Michael_Schumacher,DEU
748,ralf_schumacher,Ralf,Schumacher,SCH,German,,1975-06-30,http://en.wikipedia.org/wiki/Ralf_Schumacher,DEU
852,mick_schumacher,Mick,Schumacher,MSC,German,47,1999-03-22,http://en.wikipedia.org/wiki/Mick_Schumacher,DEU
528,schuppan,Vern,Schuppan,,Australian,,1943-03-19,http://en.wikipedia.org/wiki/Vern_Schuppan,AUS
130,bob_scott,Bob,Scott,,American,,1928-10-04,http://en.wikipedia.org/wiki/Bob_Scott_(auto_racer),USA
254,scott_Brown,Archie,Scott Brown,,British,,1927-05-13,http://en.wikipedia.org/wiki/Archie_Scott_Brown,GBR
249,scotti,Piero,Scotti,,Italian,,1909-11-11,http://en.wikipedia.org/wiki/Piero_Scotti,ITA
187,seidel,Wolfgang,Seidel,,German,,1926-07-04,http://en.wikipedia.org/wiki/Wolfgang_Seidel,DEU
391,seiffert,Günther,Seiffert,,German,,1937-10-18,http://en.wikipedia.org/wiki/G%C3%BCnther_Seiffert,DEU
652,senna,Ayrton,Senna,,Brazilian,,1960-03-21,http://en.wikipedia.org/wiki/Ayrton_Senna,BRA
808,bruno_senna,Bruno,Senna,SEN,Brazilian,,1983-10-15,http://en.wikipedia.org/wiki/Bruno_Senna,BRA
74,serafini,Dorino,Serafini,,Italian,,1909-07-22,http://en.wikipedia.org/wiki/Dorino_Serafini,ITA
624,serra,Chico,Serra,,Brazilian,,1957-02-03,http://en.wikipedia.org/wiki/Chico_Serra,BRA
399,serrurier,Doug,Serrurier,,South African,,1920-12-09,http://en.wikipedia.org/wiki/Doug_Serrurier,ZAF
449,gavin,Johnny,Servoz-Gavin,,French,,1942-01-18,http://en.wikipedia.org/wiki/Johnny_Servoz-Gavin,FRA
387,settember,Tony,Settember,,American,,1926-07-10,http://en.wikipedia.org/wiki/Tony_Settember,USA
378,sharp,Hap,Sharp,,American,,1928-01-01,http://en.wikipedia.org/wiki/Hap_Sharp,USA
10,shawe_taylor,Brian,Shawe Taylor,,British,,1915-01-28,http://en.wikipedia.org/wiki/Brian_Shawe_Taylor,GBR
294,shelby,Carroll,Shelby,,American,,1923-01-11,http://en.wikipedia.org/wiki/Carroll_Shelby,USA
389,shelly,Tony,Shelly,,New Zealander,,1937-02-02,http://en.wikipedia.org/wiki/Tony_Shelly,NZL
383,siffert,Jo,Siffert,,Swiss,,1936-07-07,http://en.wikipedia.org/wiki/Jo_Siffert,CHE
103,simon,André,Simon,,French,,1920-01-05,http://en.wikipedia.org/wiki/Andr%C3%A9_Simon_(racing_driver),FRA
844,sirotkin,Sergey,Sirotkin,SIR,Russian,35,1995-08-27,http://en.wikipedia.org/wiki/Sergey_Sirotkin_(racing_driver),RUS
382,slotemaker,Rob,Slotemaker,,Dutch,,1929-06-13,http://en.wikipedia.org/wiki/Rob_Slotemaker,NLD
415,solana,Moisés,Solana,,Mexican,,1935-12-26,http://en.wikipedia.org/wiki/Mois%C3%A9s_Solana,MEX
479,roig,Alex,Soler-Roig,,Spanish,,1932-10-29,http://en.wikipedia.org/wiki/Alex_Soler-Roig,ESP
25,sommer,Raymond,Sommer,,French,,1906-08-31,http://en.wikipedia.org/wiki/Raymond_Sommer,FRA
749,sospiri,Vincenzo,Sospiri,,Italian,,1966-10-07,http://en.wikipedia.org/wiki/Vincenzo_Sospiri,ITA
616,south,Stephen,South,,British,,1952-02-19,http://en.wikipedia.org/wiki/Stephen_South,GBR
235,sparken,Mike,Sparken,,French,,1930-06-16,http://en.wikipedia.org/wiki/Mike_Sparken,FRA
790,speed,Scott,Speed,SPE,American,,1983-01-24,http://en.wikipedia.org/wiki/Scott_Speed,USA
410,spence,Mike,Spence,,British,,1936-12-30,http://en.wikipedia.org/wiki/Mike_Spence,GBR
296,stacey,Alan,Stacey,,British,,1933-08-29,http://en.wikipedia.org/wiki/Alan_Stacey,GBR
369,starrabba,Gaetano,Starrabba,,Italian,,1932-12-03,http://en.wikipedia.org/wiki/Gaetano_Starrabba,ITA
828,stevens,Will,Stevens,STE,British,28,1991-06-28,http://en.wikipedia.org/wiki/Will_Stevens,GBR
95,stevenson,Chuck,Stevenson,,American,,1919-10-15,http://en.wikipedia.org/wiki/Chuck_Stevenson,USA
182,jimmy_stewart,Jimmy,Stewart,,British,,1931-03-06,http://en.wikipedia.org/wiki/Jimmy_Stewart_(racing_driver),GBR
184,ian_stewart,Ian,Stewart,,British,,1929-07-15,http://en.wikipedia.org/wiki/Ian_Stewart_(racing_driver),GBR
430,stewart,Jackie,Stewart,,British,,1939-06-11,http://en.wikipedia.org/wiki/Jackie_Stewart,GBR
626,stohr,Siegfried,Stohr,,Italian,,1952-10-10,http://en.wikipedia.org/wiki/Siegfried_Stohr,ITA
478,stommelen,Rolf,Stommelen,,German,,1943-07-11,http://en.wikipedia.org/wiki/Rolf_Stommelen,DEU
657,streiff,Philippe,Streiff,,French,,1955-06-26,http://en.wikipedia.org/wiki/Philippe_Streiff,FRA
840,stroll,Lance,Stroll,STR,Canadian,18,1998-10-29,http://en.wikipedia.org/wiki/Lance_Stroll,CAN
524,stuck,Hans-Joachim,Stuck,,German,,1951-01-01,http://en.wikipedia.org/wiki/Hans_Joachim_Stuck,DEU
574,stuppacher,Otto,Stuppacher,,Austrian,,1947-03-03,http://en.wikipedia.org/wiki/Otto_Stuppacher,AUT
641,sullivan,Danny,Sullivan,,American,,1950-03-09,http://en.wikipedia.org/wiki/Danny_Sullivan,USA
611,surer,Marc,Surer,,Swiss,,1951-09-18,http://en.wikipedia.org/wiki/Marc_Surer,CHE
340,surtees,John,Surtees,,British,,1934-02-11,http://en.wikipedia.org/wiki/John_Surtees,GBR
587,sutcliffe,Andy,Sutcliffe,,British,,1947-05-09,http://en.wikipedia.org/wiki/Andy_Sutcliffe,GBR
797,sutil,Adrian,Sutil,SUT,German,99,1983-01-11,http://en.wikipedia.org/wiki/Adrian_Sutil,DEU
291,sutton,Len,Sutton,,American,,1925-08-09,http://en.wikipedia.org/wiki/Len_Sutton,USA
677,suzuki,Aguri,Suzuki,,Japanese,,1960-09-08,http://en.wikipedia.org/wiki/Aguri_Suzuki,JPN
721,toshio_suzuki,Toshio,Suzuki,,Japanese,,1955-03-10,http://en.wikipedia.org/wiki/Toshio_Suzuki_(driver),JPN
108,swaters,Jacques,Swaters,,American,,1926-10-30,http://en.wikipedia.org/wiki/Jacques_Swaters,USA
129,sweikert,Bob,Sweikert,,American,,1926-05-20,http://en.wikipedia.org/wiki/Bob_Sweikert,USA
753,takagi,Toranosuke,Takagi,,Japanese,,1974-02-12,http://en.wikipedia.org/wiki/Toranosuke_Takagi,JPN
577,takahara,Noritake,Takahara,,Japanese,,1951-06-06,http://en.wikipedia.org/wiki/Noritake_Takahara,JPN
595,takahashi,Kunimitsu,Takahashi,,Japanese,,1940-01-29,http://en.wikipedia.org/wiki/Kunimitsu_Takahashi,JPN
585,tambay,Patrick,Tambay,,French,,1949-06-25,http://en.wikipedia.org/wiki/Patrick_Tambay,FRA
284,taramazzo,Luigi,Taramazzo,,Italian,,1932-05-05,http://en.wikipedia.org/wiki/Luigi_Taramazzo,ITA
667,tarquini,Gabriele,Tarquini,,Italian,,1962-03-02,http://en.wikipedia.org/wiki/Gabriele_Tarquini,ITA
76,taruffi,Piero,Taruffi,,Italian,,1906-10-12,http://en.wikipedia.org/wiki/Piero_Taruffi,ITA
318,henry_taylor,Henry,Taylor,,British,,1932-12-16,http://en.wikipedia.org/wiki/Henry_Taylor_(racing_driver),GBR
321,mike_taylor,Mike,Taylor,,British,,1934-04-24,http://en.wikipedia.org/wiki/Mike_Taylor_(driver),GBR
325,dennis_taylor,Dennis,Taylor,,British,,1921-06-12,http://en.wikipedia.org/wiki/Dennis_Taylor_(racing_driver),GBR
326,trevor_taylor,Trevor,Taylor,,British,,1936-12-26,http://en.wikipedia.org/wiki/Trevor_Taylor,GBR
424,taylor,John,Taylor,,British,,1933-03-23,http://en.wikipedia.org/wiki/John_Taylor_(racer),GBR
175,teague,Marshall,Teague,,American,,1921-02-22,http://en.wikipedia.org/wiki/Marshall_Teague_(racing_driver),USA
228,templeman,Shorty,Templeman,,American,,1919-08-12,http://en.wikipedia.org/wiki/Shorty_Templeman,USA
281,testut,André,Testut,,Monegasque,,1926-04-13,http://en.wikipedia.org/wiki/Andr%C3%A9_Testut,MCO
620,thackwell,Mike,Thackwell,,New Zealander,,1961-03-30,http://en.wikipedia.org/wiki/Mike_Thackwell,NZL
351,thiele,Alfonso,Thiele,,Italian,,1920-04-05,http://en.wikipedia.org/wiki/Alfonso_Thiele,ITA
141,thompson,Eric,Thompson,,British,,1919-11-04,http://en.wikipedia.org/wiki/Eric_Thompson_(racing_driver),GBR
176,thomson,Johnny,Thomson,,American,,1922-04-09,http://en.wikipedia.org/wiki/Johnny_Thomson,USA
213,thorne,Leslie,Thorne,,British,,1916-06-23,http://en.wikipedia.org/wiki/Leslie_Thorne,GBR
344,tingelstad,Bud,Tingelstad,,American,,1928-04-04,http://en.wikipedia.org/wiki/Bud_Tingelstad,USA
403,tingle,Sam,Tingle,,Rhodesian,,1921-08-24,http://en.wikipedia.org/wiki/Sam_Tingle,RSR
252,titterington,Desmond,Titterington,,British,,1928-05-01,http://en.wikipedia.org/wiki/Desmond_Titterington,GBR
247,tolan,Johnnie,Tolan,,American,,1917-10-22,http://en.wikipedia.org/wiki/Johnnie_Tolan,USA
557,trimmer,Tony,Trimmer,,British,,1943-01-24,http://en.wikipedia.org/wiki/Tony_Trimmer,GBR
29,trintignant,Maurice,Trintignant,,French,,1917-10-30,http://en.wikipedia.org/wiki/Maurice_Trintignant,FRA
747,trulli,Jarno,Trulli,TRU,Italian,,1974-07-13,http://en.wikipedia.org/wiki/Jarno_Trulli,ITA
851,tsunoda,Yuki,Tsunoda,TSU,Japanese,22,2000-05-11,http://en.wikipedia.org/wiki/Yuki_Tsunoda,JPN
752,tuero,Esteban,Tuero,,Argentine,,1978-04-22,http://en.wikipedia.org/wiki/Esteban_Tuero,ARG
545,tunmer,Guy,Tunmer,,South African,,1948-12-01,http://en.wikipedia.org/wiki/Guy_Tunmer,ZAF
248,turner,Jack,Turner,,American,,1920-02-12,http://en.wikipedia.org/wiki/Jack_Turner_(driver),USA
121,ulmen,Toni,Ulmen,,German,,1906-01-25,http://en.wikipedia.org/wiki/Toni_Ulmen,DEU
290,jerry_unser,Jerry,Unser,,American,,1932-11-15,http://en.wikipedia.org/wiki/Jerry_Unser,USA
473,unser,Bobby,Unser,,American,,1934-02-20,http://en.wikipedia.org/wiki/Bobby_Unser,USA
223,uria,Alberto,Uria,,Uruguayan,,1924-07-11,http://en.wikipedia.org/wiki/Alberto_Uria,URY
371,vaccarella,Nino,Vaccarella,,Italian,,1933-03-04,http://en.wikipedia.org/wiki/Nino_Vaccarella,ITA
700,poele,Eric,van de Poele,,Belgian,,1961-09-30,http://en.wikipedia.org/wiki/Eric_van_de_Poele,BEL
823,garde,Giedo,van der Garde,VDG,Dutch,,1985-04-25,http://en.wikipedia.org/wiki/Giedo_van_der_Garde,NLD
163,lof,Dries,van der Lof,,Dutch,,1919-08-23,http://en.wikipedia.org/wiki/Dries_van_der_Lof,NLD
402,vyver,Syd,van der Vyver,,South African,,1920-06-01,http://en.wikipedia.org/wiki/Syd_van_der_Vyver,ZAF
837,vandoorne,Stoffel,Vandoorne,VAN,Belgian,2,1992-03-26,http://en.wikipedia.org/wiki/Stoffel_Vandoorne,BEL
493,lennep,Gijs,van Lennep,,Dutch,,1942-03-16,http://en.wikipedia.org/wiki/Gijs_Van_Lennep,NLD
465,rooyen,Basil,van Rooyen,,South African,,1939-04-19,http://en.wikipedia.org/wiki/Basil_van_Rooyen,ZAF
244,veith,Bob,Veith,,American,,1926-11-01,http://en.wikipedia.org/wiki/Bob_Veith,USA
817,vergne,Jean-Éric,Vergne,VER,French,25,1990-04-25,http://en.wikipedia.org/wiki/Jean-%C3%89ric_Vergne,FRA
724,verstappen,Jos,Verstappen,,Dutch,,1972-03-04,http://en.wikipedia.org/wiki/Jos_Verstappen,NLD
831,max_verstappen,Max,Verstappen,VER,Dutch,33,1997-09-30,http://en.wikipedia.org/wiki/Max_Verstappen,NLD
798,vettel,Sebastian,Vettel,VET,German,5,1987-07-03,http://en.wikipedia.org/wiki/Sebastian_Vettel,DEU
586,gilles_villeneuve,Gilles,Villeneuve,,Canadian,,1950-01-18,http://en.wikipedia.org/wiki/Gilles_Villeneuve,CAN
742,villeneuve,Jacques,Villeneuve,VIL,Canadian,,1971-04-09,http://en.wikipedia.org/wiki/Jacques_Villeneuve,CAN
633,villeneuve_sr,Jacques,Villeneuve Sr.,,Canadian,,1953-11-04,http://en.wikipedia.org/wiki/Jacques_Villeneuve_(elder),CAN
26,villoresi,Luigi,Villoresi,,Italian,,1909-05-16,http://en.wikipedia.org/wiki/Luigi_Villoresi,ITA
220,volonterio,Ottorino,Volonterio,,Swiss,,1917-12-07,http://en.wikipedia.org/wiki/Ottorino_Volonterio,CHE
559,vonlanthen,Jo,Vonlanthen,,Swiss,,1942-05-31,http://en.wikipedia.org/wiki/Jo_Vonlanthen,CHE
517,opel,Rikky,von Opel,,Liechtensteiner,,1947-10-14,http://en.wikipedia.org/wiki/Rikky_von_Opel,LIE
120,hans_stuck,Hans,von Stuck,,German,,1900-12-27,http://en.wikipedia.org/wiki/Hans_Von_Stuck,DEU
259,trips,Wolfgang,von Trips,,German,,1928-05-04,http://en.wikipedia.org/wiki/Wolfgang_Graf_Berghe_von_Trips,DEU
99,vukovich,Bill,Vukovich,,American,,1918-12-13,http://en.wikipedia.org/wiki/Bill_Vukovich,USA
180,wacker,Fred,Wacker,,American,,1918-07-10,http://en.wikipedia.org/wiki/Fred_Wacker,USA
21,peter_walker,Peter,Walker,,British,,1912-10-07,http://en.wikipedia.org/wiki/Peter_Walker_(driver),GBR
494,walker,David,Walker,,Australian,,1941-06-10,http://en.wikipedia.org/wiki/David_Walker_(racing_driver),AUS
40,wallard,Lee,Wallard,,American,,1910-09-07,http://en.wikipedia.org/wiki/Lee_Wallard,USA
390,walter,Heini,Walter,,Swiss,,1927-07-28,http://en.wikipedia.org/wiki/Heini_Walter,CHE
97,ward,Rodger,Ward,,American,,1921-01-10,http://en.wikipedia.org/wiki/Rodger_Ward,USA
631,warwick,Derek,Warwick,,British,,1954-08-27,http://en.wikipedia.org/wiki/Derek_Warwick,GBR
518,watson,John,Watson,,British,,1946-05-04,http://en.wikipedia.org/wiki/John_Watson_(racing_driver),GBR
54,webb,Travis,Webb,,American,,1910-10-08,http://en.wikipedia.org/wiki/Travis_Webb,USA
768,webber,Mark,Webber,WEB,Australian,,1976-08-27,http://en.wikipedia.org/wiki/Mark_Webber_(racing_driver),AUS
835,wehrlein,Pascal,Wehrlein,WEH,German,94,1994-10-18,http://en.wikipedia.org/wiki/Pascal_Wehrlein,DEU
682,weidler,Volker,Weidler,,German,,1962-03-18,http://en.wikipedia.org/wiki/Volker_Weidler,DEU
346,weiler,Wayne,Weiler,,American,,1934-12-09,http://en.wikipedia.org/wiki/Wayne_Weiler,USA
705,wendlinger,Karl,Wendlinger,,Austrian,,1968-12-20,http://en.wikipedia.org/wiki/Karl_Wendlinger,AUT
490,westbury,Peter,Westbury,,British,,1938-05-26,http://en.wikipedia.org/wiki/Peter_Westbury,GBR
227,weyant,Chuck,Weyant,,American,,1923-04-03,http://en.wikipedia.org/wiki/Chuck_Weyant,USA
115,wharton,Ken,Wharton,,British,,1916-03-21,http://en.wikipedia.org/wiki/Ken_Wharton,GBR
225,whiteaway,Ted,Whiteaway,,British,,1928-11-01,http://en.wikipedia.org/wiki/Ted_Whiteaway,GBR
32,whitehead,Peter,Whitehead,,British,,1914-11-12,http://en.wikipedia.org/wiki/Peter_Whitehead_(racing_driver),GBR
144,graham_whitehead,Graham,Whitehead,,British,,1922-04-15,http://en.wikipedia.org/wiki/Graham_Whitehead,GBR
215,whitehouse,Bill,Whitehouse,,British,,1909-04-01,http://en.wikipedia.org/wiki/Bill_Whitehouse,GBR
469,widdows,Robin,Widdows,,British,,1942-05-27,http://en.wikipedia.org/wiki/Robin_Widdows,GBR
461,wietzes,Eppie,Wietzes,,Canadian,,1938-05-28,http://en.wikipedia.org/wiki/Eppie_Wietzes,CAN
538,wilds,Mike,Wilds,,British,,1946-01-07,http://en.wikipedia.org/wiki/Mike_Wilds,GBR
464,williams,Jonathan,Williams,,British,,1942-10-26,http://en.wikipedia.org/wiki/Jonathan_Williams_(racing_driver),GBR
520,williamson,Roger,Williamson,,British,,1948-02-02,http://en.wikipedia.org/wiki/Roger_Williamson,GBR
287,dempsey_wilson,Dempsey,Wilson,,American,,1927-03-11,http://en.wikipedia.org/wiki/Dempsey_Wilson,USA
352,vic_wilson,Vic,Wilson,,British,,1931-04-14,http://en.wikipedia.org/wiki/Vic_Wilson_(motor_racing_driver),GBR
618,desire_wilson,Desiré,Wilson,,South African,,1953-11-26,http://en.wikipedia.org/wiki/Desir%C3%A9_Wilson,ZAF
774,wilson,Justin,Wilson,,British,,1978-07-31,http://en.wikipedia.org/wiki/Justin_Wilson_(racing_driver),GBR
621,manfred_winkelhock,Manfred,Winkelhock,,German,,1951-10-06,http://en.wikipedia.org/wiki/Manfred_Winkelhock,DEU
683,joachim_winkelhock,Joachim,Winkelhock,,German,,1960-10-24,http://en.wikipedia.org/wiki/Joachim_Winkelhock,DEU
799,markus_winkelhock,Markus,Winkelhock,WIN,German,,1980-06-13,http://en.wikipedia.org/wiki/Markus_Winkelhock,DEU
488,wisell,Reine,Wisell,,Swedish,,1941-09-30,http://en.wikipedia.org/wiki/Reine_Wisell,SWE
548,wunderink,Roelof,Wunderink,,Dutch,,1948-12-12,http://en.wikipedia.org/wiki/Roelof_Wunderink,NLD
750,wurz,Alexander,Wurz,WUR,Austrian,,1974-02-15,http://en.wikipedia.org/wiki/Alexander_Wurz,AUT
793,yamamoto,Sakon,Yamamoto,YAM,Japanese,,1982-07-09,http://en.wikipedia.org/wiki/Sakon_Yamamoto,JPN
767,yoong,Alex,Yoong,,Malaysian,,1976-07-20,http://en.wikipedia.org/wiki/Alex_Yoong,MYS
704,zanardi,Alessandro,Zanardi,,Italian,,1966-10-23,http://en.wikipedia.org/wiki/Alex_Zanardi,ITA
565,zapico,Emilio,Zapico,,Spanish,,1944-05-27,http://en.wikipedia.org/wiki/Emilio_Zapico,ESP
854,zhou,Guanyu,Zhou,ZHO,Chinese,24,1999-05-30,http://en.wikipedia.org/wiki/Zhou_Guanyu,CHN
755,zonta,Ricardo,Zonta,ZON,Brazilian,,1976-03-23,http://en.wikipedia.org/wiki/Ricardo_Zonta,BRA
560,zorzi,Renzo,Zorzi,,Italian,,1946-12-12,http://en.wikipedia.org/wiki/Renzo_Zorzi,ITA
612,zunino,Ricardo,Zunino,,Argentine,,1949-04-13,http://en.wikipedia.org/wiki/Ricardo_Zunino,ARG
