reference,forename,surname,abbreviation,permanent_car_number,date_of_birth,nationality,wikipedia
hamilton,Lewis,Hamilton,HAM,44,1985-01-07,British,http://en.wikipedia.org/wiki/Lewis_Hamilton
heidfeld,Nick,Heidfeld,HEI,\N,1977-05-10,German,http://en.wikipedia.org/wiki/Nick_Heidfeld
rosberg,Nico,Rosberg,ROS,6,1985-06-27,German,http://en.wikipedia.org/wiki/Nico_Rosberg
alonso,Fernando,Alonso,ALO,14,1981-07-29,Spanish,http://en.wikipedia.org/wiki/Fernando_Alonso
kovalainen,Heikki,Kovalainen,KOV,\N,1981-10-19,Finnish,http://en.wikipedia.org/wiki/Heikki_Kovalainen
nakajima,Kazuki,Nakajima,NAK,\N,1985-01-11,Japanese,http://en.wikipedia.org/wiki/Kazuki_Nakajima
bourdais,Sébastien,Bourdais,BOU,\N,1979-02-28,French,http://en.wikipedia.org/wiki/S%C3%A9bastien_Bourdais
raikkonen,Kimi,Räikkönen,RAI,7,1979-10-17,Finnish,http://en.wikipedia.org/wiki/Kimi_R%C3%A4ikk%C3%B6nen
kubica,Robert,Kubica,KUB,88,1984-12-07,Polish,http://en.wikipedia.org/wiki/Robert_Kubica
glock,Timo,Glock,GLO,\N,1982-03-18,German,http://en.wikipedia.org/wiki/Timo_Glock
sato,Takuma,Sato,SAT,\N,1977-01-28,Japanese,http://en.wikipedia.org/wiki/Takuma_Sato
piquet_jr,Nelson,Piquet Jr.,PIQ,\N,1985-07-25,Brazilian,"http://en.wikipedia.org/wiki/Nelson_Piquet,_Jr."
massa,Felipe,Massa,MAS,19,1981-04-25,Brazilian,http://en.wikipedia.org/wiki/Felipe_Massa
coulthard,David,Coulthard,COU,\N,1971-03-27,British,http://en.wikipedia.org/wiki/David_Coulthard
trulli,Jarno,Trulli,TRU,\N,1974-07-13,Italian,http://en.wikipedia.org/wiki/Jarno_Trulli
sutil,Adrian,Sutil,SUT,99,1983-01-11,German,http://en.wikipedia.org/wiki/Adrian_Sutil
webber,Mark,Webber,WEB,\N,1976-08-27,Australian,http://en.wikipedia.org/wiki/Mark_Webber_(racing_driver)
button,Jenson,Button,BUT,22,1980-01-19,British,http://en.wikipedia.org/wiki/Jenson_Button
davidson,Anthony,Davidson,DAV,\N,1979-04-18,British,http://en.wikipedia.org/wiki/Anthony_Davidson
vettel,Sebastian,Vettel,VET,5,1987-07-03,German,http://en.wikipedia.org/wiki/Sebastian_Vettel
fisichella,Giancarlo,Fisichella,FIS,\N,1973-01-14,Italian,http://en.wikipedia.org/wiki/Giancarlo_Fisichella
barrichello,Rubens,Barrichello,BAR,\N,1972-05-23,Brazilian,http://en.wikipedia.org/wiki/Rubens_Barrichello
ralf_schumacher,Ralf,Schumacher,SCH,\N,1975-06-30,German,http://en.wikipedia.org/wiki/Ralf_Schumacher
liuzzi,Vitantonio,Liuzzi,LIU,\N,1980-08-06,Italian,http://en.wikipedia.org/wiki/Vitantonio_Liuzzi
wurz,Alexander,Wurz,WUR,\N,1974-02-15,Austrian,http://en.wikipedia.org/wiki/Alexander_Wurz
speed,Scott,Speed,SPE,\N,1983-01-24,American,http://en.wikipedia.org/wiki/Scott_Speed
albers,Christijan,Albers,ALB,\N,1979-04-16,Dutch,http://en.wikipedia.org/wiki/Christijan_Albers
markus_winkelhock,Markus,Winkelhock,WIN,\N,1980-06-13,German,http://en.wikipedia.org/wiki/Markus_Winkelhock
yamamoto,Sakon,Yamamoto,YAM,\N,1982-07-09,Japanese,http://en.wikipedia.org/wiki/Sakon_Yamamoto
michael_schumacher,Michael,Schumacher,MSC,\N,1969-01-03,German,http://en.wikipedia.org/wiki/Michael_Schumacher
montoya,Juan,Pablo Montoya,MON,\N,1975-09-20,Colombian,http://en.wikipedia.org/wiki/Juan_Pablo_Montoya
klien,Christian,Klien,KLI,\N,1983-02-07,Austrian,http://en.wikipedia.org/wiki/Christian_Klien
monteiro,Tiago,Monteiro,TMO,\N,1976-07-24,Portuguese,http://en.wikipedia.org/wiki/Tiago_Monteiro
ide,Yuji,Ide,IDE,\N,1975-01-21,Japanese,http://en.wikipedia.org/wiki/Yuji_Ide
villeneuve,Jacques,Villeneuve,VIL,\N,1971-04-09,Canadian,http://en.wikipedia.org/wiki/Jacques_Villeneuve
montagny,Franck,Montagny,FMO,\N,1978-01-05,French,http://en.wikipedia.org/wiki/Franck_Montagny
rosa,Pedro,de la Rosa,DLR,\N,1971-02-24,Spanish,http://en.wikipedia.org/wiki/Pedro_de_la_Rosa
doornbos,Robert,Doornbos,DOO,\N,1981-09-23,Dutch,http://en.wikipedia.org/wiki/Robert_Doornbos
karthikeyan,Narain,Karthikeyan,KAR,\N,1977-01-14,Indian,http://en.wikipedia.org/wiki/Narain_Karthikeyan
friesacher,Patrick,Friesacher,FRI,\N,1980-09-26,Austrian,http://en.wikipedia.org/wiki/Patrick_Friesacher
zonta,Ricardo,Zonta,ZON,\N,1976-03-23,Brazilian,http://en.wikipedia.org/wiki/Ricardo_Zonta
pizzonia,Antônio,Pizzonia,PIZ,\N,1980-09-11,Brazilian,http://en.wikipedia.org/wiki/Ant%C3%B4nio_Pizzonia
matta,Cristiano,da Matta,\N,\N,1973-09-19,Brazilian,http://en.wikipedia.org/wiki/Cristiano_da_Matta
panis,Olivier,Panis,\N,\N,1966-09-02,French,http://en.wikipedia.org/wiki/Olivier_Panis
pantano,Giorgio,Pantano,\N,\N,1979-02-04,Italian,http://en.wikipedia.org/wiki/Giorgio_Pantano
bruni,Gianmaria,Bruni,\N,\N,1981-05-30,Italian,http://en.wikipedia.org/wiki/Gianmaria_Bruni
baumgartner,Zsolt,Baumgartner,\N,\N,1981-01-01,Hungarian,http://en.wikipedia.org/wiki/Zsolt_Baumgartner
gene,Marc,Gené,\N,\N,1974-03-29,Spanish,http://en.wikipedia.org/wiki/Marc_Gen%C3%A9
frentzen,Heinz-Harald,Frentzen,\N,\N,1967-05-18,German,http://en.wikipedia.org/wiki/Heinz-Harald_Frentzen
verstappen,Jos,Verstappen,\N,\N,1972-03-04,Dutch,http://en.wikipedia.org/wiki/Jos_Verstappen
wilson,Justin,Wilson,\N,\N,1978-07-31,British,http://en.wikipedia.org/wiki/Justin_Wilson_(racing_driver)
firman,Ralph,Firman,\N,\N,1975-05-20,Irish,http://en.wikipedia.org/wiki/Ralph_Firman
kiesa,Nicolas,Kiesa,\N,\N,1978-03-03,Danish,http://en.wikipedia.org/wiki/Nicolas_Kiesa
burti,Luciano,Burti,\N,\N,1975-03-05,Brazilian,http://en.wikipedia.org/wiki/Luciano_Burti
alesi,Jean,Alesi,\N,\N,1964-06-11,French,http://en.wikipedia.org/wiki/Jean_Alesi
irvine,Eddie,Irvine,\N,\N,1965-11-10,British,http://en.wikipedia.org/wiki/Eddie_Irvine
hakkinen,Mika,Häkkinen,\N,\N,1968-09-28,Finnish,http://en.wikipedia.org/wiki/Mika_H%C3%A4kkinen
marques,Tarso,Marques,\N,\N,1976-01-19,Brazilian,http://en.wikipedia.org/wiki/Tarso_Marques
bernoldi,Enrique,Bernoldi,\N,\N,1978-10-19,Brazilian,http://en.wikipedia.org/wiki/Enrique_Bernoldi
mazzacane,Gastón,Mazzacane,\N,\N,1975-05-08,Argentine,http://en.wikipedia.org/wiki/Gast%C3%B3n_Mazzacane
enge,Tomáš,Enge,\N,\N,1976-09-11,Czech,http://en.wikipedia.org/wiki/Tom%C3%A1%C5%A1_Enge
yoong,Alex,Yoong,\N,\N,1976-07-20,Malaysian,http://en.wikipedia.org/wiki/Alex_Yoong
salo,Mika,Salo,\N,\N,1966-11-30,Finnish,http://en.wikipedia.org/wiki/Mika_Salo
diniz,Pedro,Diniz,\N,\N,1970-05-22,Brazilian,http://en.wikipedia.org/wiki/Pedro_Diniz
herbert,Johnny,Herbert,\N,\N,1964-06-25,British,http://en.wikipedia.org/wiki/Johnny_Herbert
mcnish,Allan,McNish,\N,\N,1969-12-29,British,http://en.wikipedia.org/wiki/Allan_McNish
buemi,Sébastien,Buemi,BUE,\N,1988-10-31,Swiss,http://en.wikipedia.org/wiki/S%C3%A9bastien_Buemi
takagi,Toranosuke,Takagi,\N,\N,1974-02-12,Japanese,http://en.wikipedia.org/wiki/Toranosuke_Takagi
badoer,Luca,Badoer,BAD,\N,1971-01-25,Italian,http://en.wikipedia.org/wiki/Luca_Badoer
zanardi,Alessandro,Zanardi,\N,\N,1966-10-23,Italian,http://en.wikipedia.org/wiki/Alex_Zanardi
damon_hill,Damon,Hill,\N,\N,1960-09-17,British,http://en.wikipedia.org/wiki/Damon_Hill
sarrazin,Stéphane,Sarrazin,\N,\N,1975-11-02,French,http://en.wikipedia.org/wiki/St%C3%A9phane_Sarrazin
rosset,Ricardo,Rosset,\N,\N,1968-07-27,Brazilian,http://en.wikipedia.org/wiki/Ricardo_Rosset
tuero,Esteban,Tuero,\N,\N,1978-04-22,Argentine,http://en.wikipedia.org/wiki/Esteban_Tuero
nakano,Shinji,Nakano,\N,\N,1971-04-01,Japanese,http://en.wikipedia.org/wiki/Shinji_Nakano
magnussen,Jan,Magnussen,MAG,\N,1973-07-04,Danish,http://en.wikipedia.org/wiki/Jan_Magnussen
berger,Gerhard,Berger,\N,\N,1959-08-27,Austrian,http://en.wikipedia.org/wiki/Gerhard_Berger
larini,Nicola,Larini,\N,\N,1964-03-19,Italian,http://en.wikipedia.org/wiki/Nicola_Larini
katayama,Ukyo,Katayama,\N,\N,1963-05-29,Japanese,http://en.wikipedia.org/wiki/Ukyo_Katayama
sospiri,Vincenzo,Sospiri,\N,\N,1966-10-07,Italian,http://en.wikipedia.org/wiki/Vincenzo_Sospiri
morbidelli,Gianni,Morbidelli,\N,\N,1968-01-13,Italian,http://en.wikipedia.org/wiki/Gianni_Morbidelli
fontana,Norberto,Fontana,\N,\N,1975-01-20,Argentine,http://en.wikipedia.org/wiki/Norberto_Fontana
lamy,Pedro,Lamy,\N,\N,1972-03-20,Portuguese,http://en.wikipedia.org/wiki/Pedro_Lamy
brundle,Martin,Brundle,\N,\N,1959-06-01,British,http://en.wikipedia.org/wiki/Martin_Brundle
montermini,Andrea,Montermini,\N,\N,1964-05-30,Italian,http://en.wikipedia.org/wiki/Andrea_Montermini
lavaggi,Giovanni,Lavaggi,\N,\N,1958-02-18,Italian,http://en.wikipedia.org/wiki/Giovanni_Lavaggi
blundell,Mark,Blundell,\N,\N,1966-04-08,British,http://en.wikipedia.org/wiki/Mark_Blundell
suzuki,Aguri,Suzuki,\N,\N,1960-09-08,Japanese,http://en.wikipedia.org/wiki/Aguri_Suzuki
inoue,Taki,Inoue,\N,\N,1963-09-05,Japanese,http://en.wikipedia.org/wiki/Taki_Inoue
moreno,Roberto,Moreno,\N,\N,1959-02-11,Brazilian,http://en.wikipedia.org/wiki/Roberto_Moreno
wendlinger,Karl,Wendlinger,\N,\N,1968-12-20,Austrian,http://en.wikipedia.org/wiki/Karl_Wendlinger
gachot,Bertrand,Gachot,\N,\N,1962-12-23,Belgian,http://en.wikipedia.org/wiki/Bertrand_Gachot
schiattarella,Domenico,Schiattarella,\N,\N,1967-11-17,Italian,http://en.wikipedia.org/wiki/Domenico_Schiattarella
martini,Pierluigi,Martini,\N,\N,1961-04-23,Italian,http://en.wikipedia.org/wiki/Pierluigi_Martini
mansell,Nigel,Mansell,\N,\N,1953-08-08,British,http://en.wikipedia.org/wiki/Nigel_Mansell
boullion,Jean-Christophe,Boullion,\N,\N,1969-12-27,French,http://en.wikipedia.org/wiki/Jean-Christophe_Boullion
papis,Massimiliano,Papis,\N,\N,1969-10-03,Italian,http://en.wikipedia.org/wiki/Massimiliano_Papis
deletraz,Jean-Denis,Délétraz,\N,\N,1963-10-01,Swiss,http://en.wikipedia.org/wiki/Jean-Denis_Deletraz
tarquini,Gabriele,Tarquini,\N,\N,1962-03-02,Italian,http://en.wikipedia.org/wiki/Gabriele_Tarquini
comas,Érik,Comas,\N,\N,1963-09-28,French,http://en.wikipedia.org/wiki/%C3%89rik_Comas
brabham,David,Brabham,\N,\N,1965-09-05,Australian,http://en.wikipedia.org/wiki/David_Brabham
senna,Ayrton,Senna,\N,\N,1960-03-21,Brazilian,http://en.wikipedia.org/wiki/Ayrton_Senna
bernard,Éric,Bernard,\N,\N,1964-08-24,French,http://en.wikipedia.org/wiki/%C3%89ric_Bernard
fittipaldi,Christian,Fittipaldi,\N,\N,1971-01-18,Brazilian,http://en.wikipedia.org/wiki/Christian_Fittipaldi
alboreto,Michele,Alboreto,\N,\N,1956-12-23,Italian,http://en.wikipedia.org/wiki/Michele_Alboreto
beretta,Olivier,Beretta,\N,\N,1969-11-23,Monegasque,http://en.wikipedia.org/wiki/Olivier_Beretta
ratzenberger,Roland,Ratzenberger,\N,\N,1960-07-04,Austrian,http://en.wikipedia.org/wiki/Roland_Ratzenberger
belmondo,Paul,Belmondo,\N,\N,1963-04-23,French,http://en.wikipedia.org/wiki/Paul_Belmondo
lehto,Jyrki,Järvilehto,\N,\N,1966-01-31,Finnish,http://en.wikipedia.org/wiki/Jyrki_J%C3%A4rvilehto
cesaris,Andrea,de Cesaris,\N,\N,1959-05-31,Italian,http://en.wikipedia.org/wiki/Andrea_de_Cesaris
gounon,Jean-Marc,Gounon,\N,\N,1963-01-01,French,http://en.wikipedia.org/wiki/Jean-Marc_Gounon
alliot,Philippe,Alliot,\N,\N,1954-07-27,French,http://en.wikipedia.org/wiki/Philippe_Alliot
adams,Philippe,Adams,\N,\N,1969-11-19,Belgian,http://en.wikipedia.org/wiki/Philippe_Adams
dalmas,Yannick,Dalmas,\N,\N,1961-07-28,French,http://en.wikipedia.org/wiki/Yannick_Dalmas
noda,Hideki,Noda,\N,\N,1969-03-07,Japanese,http://en.wikipedia.org/wiki/Hideki_Noda
lagorce,Franck,Lagorce,\N,\N,1968-09-01,French,http://en.wikipedia.org/wiki/Franck_Lagorce
prost,Alain,Prost,\N,\N,1955-02-24,French,http://en.wikipedia.org/wiki/Alain_Prost
warwick,Derek,Warwick,\N,\N,1954-08-27,British,http://en.wikipedia.org/wiki/Derek_Warwick
patrese,Riccardo,Patrese,\N,\N,1954-04-17,Italian,http://en.wikipedia.org/wiki/Riccardo_Patrese
barbazza,Fabrizio,Barbazza,\N,\N,1963-04-02,Italian,http://en.wikipedia.org/wiki/Fabrizio_Barbazza
andretti,Michael,Andretti,\N,\N,1962-10-05,American,http://en.wikipedia.org/wiki/Michael_Andretti
capelli,Ivan,Capelli,\N,\N,1963-05-24,Italian,http://en.wikipedia.org/wiki/Ivan_Capelli
boutsen,Thierry,Boutsen,\N,\N,1957-07-13,Belgian,http://en.wikipedia.org/wiki/Thierry_Boutsen
apicella,Marco,Apicella,\N,\N,1965-10-07,Italian,http://en.wikipedia.org/wiki/Marco_Apicella
naspetti,Emanuele,Naspetti,\N,\N,1968-02-24,Italian,http://en.wikipedia.org/wiki/Emanuele_Naspetti
toshio_suzuki,Toshio,Suzuki,\N,\N,1955-03-10,Japanese,http://en.wikipedia.org/wiki/Toshio_Suzuki_(driver)
gugelmin,Maurício,Gugelmin,\N,\N,1963-04-20,Brazilian,http://en.wikipedia.org/wiki/Maur%C3%ADcio_Gugelmin
poele,Eric,van de Poele,\N,\N,1961-09-30,Belgian,http://en.wikipedia.org/wiki/Eric_van_de_Poele
grouillard,Olivier,Grouillard,\N,\N,1958-09-02,French,http://en.wikipedia.org/wiki/Olivier_Grouillard
chiesa,Andrea,Chiesa,\N,\N,1964-05-06,Swiss,http://en.wikipedia.org/wiki/Andrea_Chiesa
modena,Stefano,Modena,\N,\N,1963-05-12,Italian,http://en.wikipedia.org/wiki/Stefano_Modena
amati,Giovanna,Amati,\N,\N,1959-07-20,Italian,http://en.wikipedia.org/wiki/Giovanna_Amati
caffi,Alex,Caffi,\N,\N,1964-03-18,Italian,http://en.wikipedia.org/wiki/Alex_Caffi
bertaggia,Enrico,Bertaggia,\N,\N,1964-09-19,Italian,http://en.wikipedia.org/wiki/Enrico_Bertaggia
mccarthy,Perry,McCarthy,\N,\N,1961-03-03,British,http://en.wikipedia.org/wiki/Perry_McCarthy
lammers,Jan,Lammers,\N,\N,1956-06-02,Dutch,http://en.wikipedia.org/wiki/Jan_Lammers
piquet,Nelson,Piquet,\N,\N,1952-08-17,Brazilian,http://en.wikipedia.org/wiki/Nelson_Piquet
satoru_nakajima,Satoru,Nakajima,\N,\N,1953-02-23,Japanese,http://en.wikipedia.org/wiki/Satoru_Nakajima
pirro,Emanuele,Pirro,\N,\N,1962-01-12,Italian,http://en.wikipedia.org/wiki/Emanuele_Pirro
johansson,Stefan,Johansson,\N,\N,1956-09-08,Swedish,http://en.wikipedia.org/wiki/Stefan_Johansson
bailey,Julian,Bailey,\N,\N,1961-10-09,British,http://en.wikipedia.org/wiki/Julian_Bailey
chaves,Pedro,Chaves,\N,\N,1965-02-27,Portuguese,http://en.wikipedia.org/wiki/Pedro_Chaves
bartels,Michael,Bartels,\N,\N,1968-03-08,German,http://en.wikipedia.org/wiki/Michael_Bartels
hattori,Naoki,Hattori,\N,\N,1966-06-13,Japanese,http://en.wikipedia.org/wiki/Naoki_Hattori
nannini,Alessandro,Nannini,\N,\N,1959-07-07,Italian,http://en.wikipedia.org/wiki/Alessandro_Nannini
schneider,Bernd,Schneider,\N,\N,1964-07-20,German,http://en.wikipedia.org/wiki/Bernd_Schneider_(racecar_driver)
barilla,Paolo,Barilla,\N,\N,1961-04-20,Italian,http://en.wikipedia.org/wiki/Paolo_Barilla
foitek,Gregor,Foitek,\N,\N,1965-03-27,Swiss,http://en.wikipedia.org/wiki/Gregor_Foitek
langes,Claudio,Langes,\N,\N,1960-07-20,Italian,http://en.wikipedia.org/wiki/Claudio_Langes
gary_brabham,Gary,Brabham,\N,\N,1961-03-29,Australian,http://en.wikipedia.org/wiki/Gary_Brabham
donnelly,Martin,Donnelly,\N,\N,1964-03-26,British,http://en.wikipedia.org/wiki/Martin_Donnelly_(racing_driver)
giacomelli,Bruno,Giacomelli,\N,\N,1952-09-10,Italian,http://en.wikipedia.org/wiki/Bruno_Giacomelli
alguersuari,Jaime,Alguersuari,ALG,\N,1990-03-23,Spanish,http://en.wikipedia.org/wiki/Jaime_Alguersuari
grosjean,Romain,Grosjean,GRO,8,1986-04-17,French,http://en.wikipedia.org/wiki/Romain_Grosjean
kobayashi,Kamui,Kobayashi,KOB,10,1986-09-13,Japanese,http://en.wikipedia.org/wiki/Kamui_Kobayashi
palmer,Jonathan,Palmer,\N,\N,1956-11-07,British,http://en.wikipedia.org/wiki/Jonathan_Palmer
danner,Christian,Danner,\N,\N,1958-04-04,German,http://en.wikipedia.org/wiki/Christian_Danner
cheever,Eddie,Cheever,\N,\N,1958-01-10,American,http://en.wikipedia.org/wiki/Eddie_Cheever
sala,Luis,Pérez-Sala,\N,\N,1959-05-15,Spanish,http://en.wikipedia.org/wiki/Luis_Perez-Sala
ghinzani,Piercarlo,Ghinzani,\N,\N,1952-01-16,Italian,http://en.wikipedia.org/wiki/Piercarlo_Ghinzani
weidler,Volker,Weidler,\N,\N,1962-03-18,German,http://en.wikipedia.org/wiki/Volker_Weidler
raphanel,Pierre-Henri,Raphanel,\N,\N,1961-05-27,French,http://en.wikipedia.org/wiki/Pierre-Henri_Raphanel
arnoux,René,Arnoux,\N,\N,1948-07-04,French,http://en.wikipedia.org/wiki/Ren%C3%A9_Arnoux
joachim_winkelhock,Joachim,Winkelhock,\N,\N,1960-10-24,German,http://en.wikipedia.org/wiki/Joachim_Winkelhock
larrauri,Oscar,Larrauri,\N,\N,1954-08-19,Argentine,http://en.wikipedia.org/wiki/Oscar_Larrauri
streiff,Philippe,Streiff,\N,\N,1955-06-26,French,http://en.wikipedia.org/wiki/Philippe_Streiff
campos,Adrián,Campos,\N,\N,1960-06-17,Spanish,http://en.wikipedia.org/wiki/Adri%C3%A1n_Campos
schlesser,Jean-Louis,Schlesser,\N,\N,1948-09-12,French,http://en.wikipedia.org/wiki/Jean-Louis_Schlesser
fabre,Pascal,Fabre,\N,\N,1960-01-09,French,http://en.wikipedia.org/wiki/Pascal_Fabre
fabi,Teo,Fabi,\N,\N,1955-03-09,Italian,http://en.wikipedia.org/wiki/Teo_Fabi
forini,Franco,Forini,\N,\N,1958-09-22,Swiss,http://en.wikipedia.org/wiki/Franco_Forini
laffite,Jacques,Laffite,\N,\N,1943-11-21,French,http://en.wikipedia.org/wiki/Jacques_Laffite
angelis,Elio,de Angelis,\N,\N,1958-03-26,Italian,http://en.wikipedia.org/wiki/Elio_de_Angelis
dumfries,Johnny,Dumfries,\N,\N,1958-04-26,British,http://en.wikipedia.org/wiki/Johnny_Dumfries
tambay,Patrick,Tambay,\N,\N,1949-06-25,French,http://en.wikipedia.org/wiki/Patrick_Tambay
surer,Marc,Surer,\N,\N,1951-09-18,Swiss,http://en.wikipedia.org/wiki/Marc_Surer
keke_rosberg,Keke,Rosberg,\N,\N,1948-12-06,Finnish,http://en.wikipedia.org/wiki/Keke_Rosberg
jones,Alan,Jones,\N,\N,1946-11-02,Australian,http://en.wikipedia.org/wiki/Alan_Jones_(Formula_1)
rothengatter,Huub,Rothengatter,\N,\N,1954-10-08,Dutch,http://en.wikipedia.org/wiki/Huub_Rothengatter
berg,Allen,Berg,\N,\N,1961-08-01,Canadian,http://en.wikipedia.org/wiki/Allen_Berg
manfred_winkelhock,Manfred,Winkelhock,\N,\N,1951-10-06,German,http://en.wikipedia.org/wiki/Manfred_Winkelhock
lauda,Niki,Lauda,\N,\N,1949-02-22,Austrian,http://en.wikipedia.org/wiki/Niki_Lauda
hesnault,François,Hesnault,\N,\N,1956-12-30,French,http://en.wikipedia.org/wiki/Fran%C3%A7ois_Hesnault
baldi,Mauro,Baldi,\N,\N,1954-01-31,Italian,http://en.wikipedia.org/wiki/Mauro_Baldi
bellof,Stefan,Bellof,\N,\N,1957-11-20,German,http://en.wikipedia.org/wiki/Stefan_Bellof
acheson,Kenny,Acheson,\N,\N,1957-11-27,British,http://en.wikipedia.org/wiki/Kenny_Acheson
watson,John,Watson,\N,\N,1946-05-04,British,http://en.wikipedia.org/wiki/John_Watson_(racing_driver)
cecotto,Johnny,Cecotto,\N,\N,1956-01-25,Venezuelan,http://en.wikipedia.org/wiki/Johnny_Cecotto
gartner,Jo,Gartner,\N,\N,1954-01-24,Austrian,http://en.wikipedia.org/wiki/Jo_Gartner
corrado_fabi,Corrado,Fabi,\N,\N,1961-04-12,Italian,http://en.wikipedia.org/wiki/Corrado_Fabi
thackwell,Mike,Thackwell,\N,\N,1961-03-30,New Zealander,http://en.wikipedia.org/wiki/Mike_Thackwell
serra,Chico,Serra,\N,\N,1957-02-03,Brazilian,http://en.wikipedia.org/wiki/Chico_Serra
sullivan,Danny,Sullivan,\N,\N,1950-03-09,American,http://en.wikipedia.org/wiki/Danny_Sullivan
salazar,Eliseo,Salazar,\N,\N,1954-11-14,Chilean,http://en.wikipedia.org/wiki/Eliseo_Salazar
guerrero,Roberto,Guerrero,\N,\N,1958-11-16,Colombian,http://en.wikipedia.org/wiki/Roberto_Guerrero
boesel,Raul,Boesel,\N,\N,1957-12-04,Brazilian,http://en.wikipedia.org/wiki/Raul_Boesel
jarier,Jean-Pierre,Jarier,\N,\N,1946-07-10,French,http://en.wikipedia.org/wiki/Jean-Pierre_Jarier
villeneuve_sr,Jacques,Villeneuve Sr.,\N,\N,1953-11-04,Canadian,http://en.wikipedia.org/wiki/Jacques_Villeneuve_(elder)
reutemann,Carlos,Reutemann,\N,\N,1942-04-12,Argentine,http://en.wikipedia.org/wiki/Carlos_Reutemann
mass,Jochen,Mass,\N,\N,1946-09-30,German,http://en.wikipedia.org/wiki/Jochen_Mass
borgudd,Slim,Borgudd,\N,\N,1946-11-25,Swedish,http://en.wikipedia.org/wiki/Slim_Borgudd
pironi,Didier,Pironi,\N,\N,1952-03-26,French,http://en.wikipedia.org/wiki/Didier_Pironi
gilles_villeneuve,Gilles,Villeneuve,\N,\N,1950-01-18,Canadian,http://en.wikipedia.org/wiki/Gilles_Villeneuve
paletti,Riccardo,Paletti,\N,\N,1958-06-15,Italian,http://en.wikipedia.org/wiki/Riccardo_Paletti
henton,Brian,Henton,\N,\N,1946-09-19,British,http://en.wikipedia.org/wiki/Brian_Henton
daly,Derek,Daly,\N,\N,1953-03-11,Irish,http://en.wikipedia.org/wiki/Derek_Daly
mario_andretti,Mario,Andretti,\N,\N,1940-02-28,American,http://en.wikipedia.org/wiki/Mario_Andretti
villota,Emilio,de Villota,\N,\N,1946-07-26,Spanish,http://en.wikipedia.org/wiki/Emilio_de_Villota
lees,Geoff,Lees,\N,\N,1951-05-01,British,http://en.wikipedia.org/wiki/Geoff_Lees
byrne,Tommy,Byrne,\N,\N,1958-05-06,Irish,http://en.wikipedia.org/wiki/Tommy_Byrne_%28racing_driver%29
keegan,Rupert,Keegan,\N,\N,1955-02-26,British,http://en.wikipedia.org/wiki/Rupert_Keegan
rebaque,Hector,Rebaque,\N,\N,1956-02-05,Mexican,http://en.wikipedia.org/wiki/Hector_Rebaque
gabbiani,Beppe,Gabbiani,\N,\N,1957-01-02,Italian,http://en.wikipedia.org/wiki/Beppe_Gabbiani
cogan,Kevin,Cogan,\N,\N,1956-03-31,American,http://en.wikipedia.org/wiki/Kevin_Cogan
guerra,Miguel Ángel,Guerra,\N,\N,1953-08-31,Argentine,http://en.wikipedia.org/wiki/Miguel_Angel_Guerra
stohr,Siegfried,Stohr,\N,\N,1952-10-10,Italian,http://en.wikipedia.org/wiki/Siegfried_Stohr
zunino,Ricardo,Zunino,\N,\N,1949-04-13,Argentine,http://en.wikipedia.org/wiki/Ricardo_Zunino
londono,Ricardo,Londoño,\N,\N,1949-08-08,Colombian,http://en.wikipedia.org/wiki/Ricardo_Londo%C3%B1o
jabouille,Jean-Pierre,Jabouille,\N,\N,1942-10-01,French,http://en.wikipedia.org/wiki/Jean-Pierre_Jabouille
francia,Giorgio,Francia,\N,\N,1947-11-08,Italian,http://en.wikipedia.org/wiki/Giorgio_Francia
depailler,Patrick,Depailler,\N,\N,1944-08-09,French,http://en.wikipedia.org/wiki/Patrick_Depailler
scheckter,Jody,Scheckter,\N,\N,1950-01-29,South African,http://en.wikipedia.org/wiki/Jody_Scheckter
regazzoni,Clay,Regazzoni,\N,\N,1939-09-05,Swiss,http://en.wikipedia.org/wiki/Clay_Regazzoni
emerson_fittipaldi,Emerson,Fittipaldi,\N,\N,1946-12-12,Brazilian,http://en.wikipedia.org/wiki/Emerson_Fittipaldi
kennedy,Dave,Kennedy,\N,\N,1953-01-15,Irish,http://en.wikipedia.org/wiki/David_Kennedy_(racing_driver)
south,Stephen,South,\N,\N,1952-02-19,British,http://en.wikipedia.org/wiki/Stephen_South
needell,Tiff,Needell,\N,\N,1951-10-29,British,http://en.wikipedia.org/wiki/Tiff_Needell
desire_wilson,Desiré,Wilson,\N,\N,1953-11-26,South African,http://en.wikipedia.org/wiki/Desir%C3%A9_Wilson
ertl,Harald,Ertl,\N,\N,1948-08-31,Austrian,http://en.wikipedia.org/wiki/Harald_Ertl
brambilla,Vittorio,Brambilla,\N,\N,1937-11-11,Italian,http://en.wikipedia.org/wiki/Vittorio_Brambilla
hunt,James,Hunt,\N,\N,1947-08-29,British,http://en.wikipedia.org/wiki/James_Hunt
merzario,Arturo,Merzario,\N,\N,1943-03-11,Italian,http://en.wikipedia.org/wiki/Arturo_Merzario
stuck,Hans-Joachim,Stuck,\N,\N,1951-01-01,German,http://en.wikipedia.org/wiki/Hans_Joachim_Stuck
brancatelli,Gianfranco,Brancatelli,\N,\N,1950-01-18,Italian,http://en.wikipedia.org/wiki/Gianfranco_Brancatelli
ickx,Jacky,Ickx,\N,\N,1945-01-01,Belgian,http://en.wikipedia.org/wiki/Jacky_Ickx
gaillard,Patrick,Gaillard,\N,\N,1952-02-12,French,http://en.wikipedia.org/wiki/Patrick_Gaillard
ribeiro,Alex,Ribeiro,\N,\N,1948-11-07,Brazilian,http://en.wikipedia.org/wiki/Alex_Ribeiro
peterson,Ronnie,Peterson,\N,\N,1944-02-14,Swedish,http://en.wikipedia.org/wiki/Ronnie_Peterson
lunger,Brett,Lunger,\N,\N,1945-11-14,American,http://en.wikipedia.org/wiki/Brett_Lunger
ongais,Danny,Ongais,\N,\N,1942-05-21,American,http://en.wikipedia.org/wiki/Danny_Ongais
leoni,Lamberto,Leoni,\N,\N,1953-05-24,Italian,http://en.wikipedia.org/wiki/Lamberto_Leoni
galica,Divina,Galica,\N,\N,1944-08-13,British,http://en.wikipedia.org/wiki/Divina_Galica
stommelen,Rolf,Stommelen,\N,\N,1943-07-11,German,http://en.wikipedia.org/wiki/Rolf_Stommelen
colombo,Alberto,Colombo,\N,\N,1946-02-23,Italian,http://en.wikipedia.org/wiki/Alberto_Colombo
trimmer,Tony,Trimmer,\N,\N,1943-01-24,British,http://en.wikipedia.org/wiki/Tony_Trimmer
binder,Hans,Binder,\N,\N,1948-06-12,Austrian,http://en.wikipedia.org/wiki/Hans_Binder
bleekemolen,Michael,Bleekemolen,\N,\N,1949-10-02,Dutch,http://en.wikipedia.org/wiki/Michael_Bleekemolen
gimax,Carlo,Franchi,\N,\N,1938-01-01,Italian,http://en.wikipedia.org/wiki/Gimax
rahal,Bobby,Rahal,\N,\N,1953-01-10,American,http://en.wikipedia.org/wiki/Bobby_Rahal
pace,Carlos,Pace,\N,\N,1944-10-06,Brazilian,http://en.wikipedia.org/wiki/Carlos_Pace
ian_scheckter,Ian,Scheckter,\N,\N,1947-08-22,South African,http://en.wikipedia.org/wiki/Ian_Scheckter
pryce,Tom,Pryce,\N,\N,1949-06-11,British,http://en.wikipedia.org/wiki/Tom_Pryce
hoffmann,Ingo,Hoffmann,\N,\N,1953-02-28,Brazilian,http://en.wikipedia.org/wiki/Ingo_Hoffmann
zorzi,Renzo,Zorzi,\N,\N,1946-12-12,Italian,http://en.wikipedia.org/wiki/Renzo_Zorzi
nilsson,Gunnar,Nilsson,\N,\N,1948-11-20,Swedish,http://en.wikipedia.org/wiki/Gunnar_Nilsson
perkins,Larry,Perkins,\N,\N,1950-03-18,Australian,http://en.wikipedia.org/wiki/Larry_Perkins
hayje,Boy,Lunger,\N,\N,1949-05-03,Dutch,http://en.wikipedia.org/wiki/Boy_Hayje
neve,Patrick,Nève,\N,\N,1949-10-13,Belgian,http://en.wikipedia.org/wiki/Patrick_Neve
purley,David,Purley,\N,\N,1945-01-26,British,http://en.wikipedia.org/wiki/David_Purley
andersson,Conny,Andersson,\N,\N,1939-12-28,Swedish,http://en.wikipedia.org/wiki/Conny_Andersson_(racing_driver)
dryver,Bernard,de Dryver,\N,\N,1952-09-19,Belgian,http://en.wikipedia.org/wiki/Bernard_de_Dryver
oliver,Jackie,Oliver,\N,\N,1942-08-14,British,http://en.wikipedia.org/wiki/Jackie_Oliver
kozarowitzky,Mikko,Kozarowitzky,\N,\N,1948-05-17,Finnish,http://en.wikipedia.org/wiki/Mikko_Kozarowitzky
sutcliffe,Andy,Sutcliffe,\N,\N,1947-05-09,British,http://en.wikipedia.org/wiki/Andy_Sutcliffe
edwards,Guy,Edwards,\N,\N,1942-12-30,British,http://en.wikipedia.org/wiki/Guy_Edwards
mcguire,Brian,McGuire,\N,\N,1945-12-13,Australian,http://en.wikipedia.org/wiki/Brian_McGuire
schuppan,Vern,Schuppan,\N,\N,1943-03-19,Australian,http://en.wikipedia.org/wiki/Vern_Schuppan
heyer,Hans,Heyer,\N,\N,1943-03-16,German,http://en.wikipedia.org/wiki/Hans_Heyer
pilette,Teddy,Pilette,\N,\N,1942-07-26,Belgian,http://en.wikipedia.org/wiki/Teddy_Pilette
ashley,Ian,Ashley,\N,\N,1947-10-26,British,http://en.wikipedia.org/wiki/Ian_Ashley
kessel,Loris,Kessel,\N,\N,1950-04-01,Swiss,http://en.wikipedia.org/wiki/Loris_Kessel
takahashi,Kunimitsu,Takahashi,\N,\N,1940-01-29,Japanese,http://en.wikipedia.org/wiki/Kunimitsu_Takahashi
hoshino,Kazuyoshi,Hoshino,\N,\N,1947-07-01,Japanese,http://en.wikipedia.org/wiki/Kazuyoshi_Hoshino
takahara,Noritake,Takahara,\N,\N,1951-06-06,Japanese,http://en.wikipedia.org/wiki/Noritake_Takahara
lombardi,Lella,Lombardi,\N,\N,1941-03-26,Italian,http://en.wikipedia.org/wiki/Lella_Lombardi
evans,Bob,Evans,\N,\N,1947-06-11,British,http://en.wikipedia.org/wiki/Bob_Evans_(race_driver)
leclere,Michel,Leclère,\N,\N,1946-03-18,French,http://en.wikipedia.org/wiki/Michel_Lecl%C3%A8re
amon,Chris,Amon,\N,\N,1943-07-20,New Zealander,http://en.wikipedia.org/wiki/Chris_Amon
zapico,Emilio,Zapico,\N,\N,1944-05-27,Spanish,http://en.wikipedia.org/wiki/Emilio_Zapico
pescarolo,Henri,Pescarolo,\N,\N,1942-09-25,French,http://en.wikipedia.org/wiki/Henri_Pescarolo
nelleman,Jac,Nelleman,\N,\N,1944-04-19,Danish,http://en.wikipedia.org/wiki/Jac_Nelleman
magee,Damien,Magee,\N,\N,1945-11-17,British,http://en.wikipedia.org/wiki/Damien_Magee
wilds,Mike,Wilds,\N,\N,1946-01-07,British,http://en.wikipedia.org/wiki/Mike_Wilds
pesenti_rossi,Alessandro,Pesenti-Rossi,\N,\N,1942-08-31,Italian,http://en.wikipedia.org/wiki/Alessandro_Pesenti-Rossi
stuppacher,Otto,Stuppacher,\N,\N,1947-03-03,Austrian,http://en.wikipedia.org/wiki/Otto_Stuppacher
brown,Warwick,Brown,\N,\N,1949-12-24,Australian,http://en.wikipedia.org/wiki/Warwick_Brown
hasemi,Masahiro,Hasemi,\N,\N,1945-11-13,Japanese,http://en.wikipedia.org/wiki/Masahiro_Hasemi
donohue,Mark,Donohue,\N,\N,1937-03-18,American,http://en.wikipedia.org/wiki/Mark_Donohue
hill,Graham,Hill,\N,\N,1929-02-15,British,http://en.wikipedia.org/wiki/Graham_Hill
wilson_fittipaldi,Wilson,Fittipaldi,\N,\N,1943-12-25,Brazilian,http://en.wikipedia.org/wiki/Wilson_Fittipaldi
tunmer,Guy,Tunmer,\N,\N,1948-12-01,South African,http://en.wikipedia.org/wiki/Guy_Tunmer
keizan,Eddie,Keizan,\N,\N,1944-09-12,South African,http://en.wikipedia.org/wiki/Eddie_Keizan
charlton,Dave,Charlton,\N,\N,1936-10-27,South African,http://en.wikipedia.org/wiki/Dave_Charlton
brise,Tony,Brise,\N,\N,1952-03-28,British,http://en.wikipedia.org/wiki/Tony_Brise
wunderink,Roelof,Wunderink,\N,\N,1948-12-12,Dutch,http://en.wikipedia.org/wiki/Roelof_Wunderink
migault,François,Migault,\N,\N,1944-12-04,French,http://en.wikipedia.org/wiki/Fran%C3%A7ois_Migault
palm,Torsten,Palm,\N,\N,1947-07-23,Swedish,http://en.wikipedia.org/wiki/Torsten_Palm
lennep,Gijs,van Lennep,\N,\N,1942-03-16,Dutch,http://en.wikipedia.org/wiki/Gijs_Van_Lennep
fushida,Hiroshi,Fushida,\N,\N,1946-03-10,Japanese,http://en.wikipedia.org/wiki/Hiroshi_Fushida
nicholson,John,Nicholson,\N,\N,1941-10-06,New Zealander,http://en.wikipedia.org/wiki/John_Nicholson_(racing_driver)
morgan,Dave,Morgan,\N,\N,1944-08-07,British,http://en.wikipedia.org/wiki/Dave_Morgan_(racing_driver)
crawford,Jim,Crawford,\N,\N,1948-02-13,British,http://en.wikipedia.org/wiki/Jim_Crawford_(driver)
vonlanthen,Jo,Vonlanthen,\N,\N,1942-05-31,Swiss,http://en.wikipedia.org/wiki/Jo_Vonlanthen
hulme,Denny,Hulme,\N,\N,1936-06-18,New Zealander,http://en.wikipedia.org/wiki/Denny_Hulme
hailwood,Mike,Hailwood,\N,\N,1940-04-02,British,http://en.wikipedia.org/wiki/Mike_Hailwood
beltoise,Jean-Pierre,Beltoise,\N,\N,1937-04-26,French,http://en.wikipedia.org/wiki/Jean-Pierre_Beltoise
ganley,Howden,Ganley,\N,\N,1941-12-24,New Zealander,http://en.wikipedia.org/wiki/Howden_Ganley
robarts,Richard,Robarts,\N,\N,1944-09-22,British,http://en.wikipedia.org/wiki/Richard_Robarts
revson,Peter,Revson,\N,\N,1939-02-27,American,http://en.wikipedia.org/wiki/Peter_Revson
driver,Paddy,Driver,\N,\N,1934-05-13,South African,http://en.wikipedia.org/wiki/Paddy_Driver
belso,Tom,Belsø,\N,\N,1942-08-27,Danish,http://en.wikipedia.org/wiki/Tom_Bels%C3%B8
redman,Brian,Redman,\N,\N,1937-03-09,British,http://en.wikipedia.org/wiki/Brian_Redman
opel,Rikky,von Opel,\N,\N,1947-10-14,Liechtensteiner,http://en.wikipedia.org/wiki/Rikky_von_Opel
schenken,Tim,Schenken,\N,\N,1943-09-26,Australian,http://en.wikipedia.org/wiki/Tim_Schenken
larrousse,Gérard,Larrousse,\N,\N,1940-05-23,French,http://en.wikipedia.org/wiki/G%C3%A9rard_Larrousse
kinnunen,Leo,Kinnunen,\N,\N,1943-08-05,Finnish,http://en.wikipedia.org/wiki/Leo_Kinnunen
wisell,Reine,Wisell,\N,\N,1941-09-30,Swedish,http://en.wikipedia.org/wiki/Reine_Wisell
roos,Bertil,Roos,\N,\N,1943-10-12,Swedish,http://en.wikipedia.org/wiki/Bertil_Roos
dolhem,José,Dolhem,\N,\N,1944-04-26,French,http://en.wikipedia.org/wiki/Jos%C3%A9_Dolhem
gethin,Peter,Gethin,\N,\N,1940-02-21,British,http://en.wikipedia.org/wiki/Peter_Gethin
bell,Derek,Bell,\N,\N,1941-10-31,British,http://en.wikipedia.org/wiki/Derek_Bell_(auto_racer)
hobbs,David,Hobbs,\N,\N,1939-06-09,British,http://en.wikipedia.org/wiki/David_Hobbs_(racing_driver)
quester,Dieter,Quester,\N,\N,1939-05-30,Austrian,http://en.wikipedia.org/wiki/Dieter_Quester
koinigg,Helmuth,Koinigg,\N,\N,1948-11-03,Austrian,http://en.wikipedia.org/wiki/Helmuth_Koinigg
facetti,Carlo,Facetti,\N,\N,1935-06-26,Italian,http://en.wikipedia.org/wiki/Carlo_Facetti
wietzes,Eppie,Wietzes,\N,\N,1938-05-28,Canadian,http://en.wikipedia.org/wiki/Eppie_Wietzes
cevert,François,Cevert,\N,\N,1944-02-25,French,http://en.wikipedia.org/wiki/Fran%C3%A7ois_Cevert
stewart,Jackie,Stewart,\N,\N,1939-06-11,British,http://en.wikipedia.org/wiki/Jackie_Stewart
beuttler,Mike,Beuttler,\N,\N,1940-04-13,British,http://en.wikipedia.org/wiki/Mike_Beuttler
galli,Nanni,Galli,\N,\N,1940-10-02,Italian,http://en.wikipedia.org/wiki/Nanni_Galli
bueno,Luiz,Bueno,\N,\N,1937-01-16,Brazilian,http://en.wikipedia.org/wiki/Luiz_Bueno
follmer,George,Follmer,\N,\N,1934-01-27,American,http://en.wikipedia.org/wiki/George_Follmer
adamich,Andrea,de Adamich,\N,\N,1941-10-03,Italian,http://en.wikipedia.org/wiki/Andrea_de_Adamich
pretorius,Jackie,Pretorius,\N,\N,1934-11-22,South African,http://en.wikipedia.org/wiki/Jackie_Pretorius
williamson,Roger,Williamson,\N,\N,1948-02-02,British,http://en.wikipedia.org/wiki/Roger_Williamson
mcrae,Graham,McRae,\N,\N,1940-03-05,New Zealander,http://en.wikipedia.org/wiki/Graham_McRae
marko,Helmut,Marko,\N,\N,1943-04-27,Austrian,http://en.wikipedia.org/wiki/Helmut_Marko
walker,David,Walker,\N,\N,1941-06-10,Australian,http://en.wikipedia.org/wiki/David_Walker_(racing_driver)
roig,Alex,Soler-Roig,\N,\N,1932-10-29,Spanish,http://en.wikipedia.org/wiki/Alex_Soler-Roig
love,John,Love,\N,\N,1924-12-07,Rhodesian,http://en.wikipedia.org/wiki/John_Love_(racing_driver)
surtees,John,Surtees,\N,\N,1934-02-11,British,http://en.wikipedia.org/wiki/John_Surtees
barber,Skip,Barber,\N,\N,1936-11-16,American,http://en.wikipedia.org/wiki/Skip_Barber
brack,Bill,Brack,\N,\N,1935-12-26,Canadian,http://en.wikipedia.org/wiki/Bill_Brack
posey,Sam,Posey,\N,\N,1944-05-26,American,http://en.wikipedia.org/wiki/Sam_Posey
rodriguez,Pedro,Rodríguez,\N,\N,1940-01-18,Mexican,http://en.wikipedia.org/wiki/Pedro_Rodr%C3%ADguez_(racing_driver)
siffert,Jo,Siffert,\N,\N,1936-07-07,Swiss,http://en.wikipedia.org/wiki/Jo_Siffert
bonnier,Jo,Bonnier,\N,\N,1930-01-31,Swedish,http://en.wikipedia.org/wiki/Joakim_Bonnier
mazet,François,Mazet,\N,\N,1943-02-24,French,http://en.wikipedia.org/wiki/Fran%C3%A7ois_Mazet
jean,Max,Jean,\N,\N,1943-07-27,French,http://en.wikipedia.org/wiki/Max_Jean
elford,Vic,Elford,\N,\N,1935-06-10,British,http://en.wikipedia.org/wiki/Vic_Elford
moser,Silvio,Moser,\N,\N,1941-04-24,Swiss,http://en.wikipedia.org/wiki/Silvio_Moser
eaton,George,Eaton,\N,\N,1945-11-12,Canadian,http://en.wikipedia.org/wiki/George_Eaton
lovely,Pete,Lovely,\N,\N,1926-04-11,American,http://en.wikipedia.org/wiki/Pete_Lovely
craft,Chris,Craft,\N,\N,1939-11-17,British,http://en.wikipedia.org/wiki/Chris_Craft_(racing_driver)
Cannoc,John,Cannon,\N,\N,1933-06-21,Canadian,http://en.wikipedia.org/wiki/John_Cannon_(auto_racer)
jack_brabham,Jack,Brabham,\N,\N,1926-04-02,Australian,http://en.wikipedia.org/wiki/Jack_Brabham
miles,John,Miles,\N,\N,1943-06-14,British,http://en.wikipedia.org/wiki/John_Miles_(auto_racer)
rindt,Jochen,Rindt,\N,\N,1942-04-18,Austrian,http://en.wikipedia.org/wiki/Jochen_Rindt
gavin,Johnny,Servoz-Gavin,\N,\N,1942-01-18,French,http://en.wikipedia.org/wiki/Johnny_Servoz-Gavin
mclaren,Bruce,McLaren,\N,\N,1937-08-30,New Zealander,http://en.wikipedia.org/wiki/Bruce_McLaren
courage,Piers,Courage,\N,\N,1942-05-27,British,http://en.wikipedia.org/wiki/Piers_Courage
klerk,Peter,de Klerk,\N,\N,1935-03-16,South African,http://en.wikipedia.org/wiki/Peter_de_Klerk
giunti,Ignazio,Giunti,\N,\N,1941-08-30,Italian,http://en.wikipedia.org/wiki/Ignazio_Giunti
gurney,Dan,Gurney,\N,\N,1931-04-13,American,http://en.wikipedia.org/wiki/Dan_Gurney
hahne,Hubert,Hahne,\N,\N,1935-03-28,German,http://en.wikipedia.org/wiki/Hubert_Hahne
hutchison,Gus,Hutchison,\N,\N,1937-04-26,American,http://en.wikipedia.org/wiki/Gus_Hutchison
westbury,Peter,Westbury,\N,\N,1938-05-26,British,http://en.wikipedia.org/wiki/Peter_Westbury
tingle,Sam,Tingle,\N,\N,1921-08-24,Rhodesian,http://en.wikipedia.org/wiki/Sam_Tingle
rooyen,Basil,van Rooyen,\N,\N,1939-04-19,South African,http://en.wikipedia.org/wiki/Basil_van_Rooyen
attwood,Richard,Attwood,\N,\N,1940-04-04,British,http://en.wikipedia.org/wiki/Richard_Attwood
pease,Al,Pease,\N,\N,1921-10-15,Canadian,http://en.wikipedia.org/wiki/Al_Pease
cordts,John,Cordts,\N,\N,1935-07-23,Canadian,http://en.wikipedia.org/wiki/John_Cordts
clark,Jim,Clark,\N,\N,1936-03-04,British,http://en.wikipedia.org/wiki/Jim_Clark
spence,Mike,Spence,\N,\N,1936-12-30,British,http://en.wikipedia.org/wiki/Mike_Spence
scarfiotti,Ludovico,Scarfiotti,\N,\N,1933-10-18,Italian,http://en.wikipedia.org/wiki/Ludovico_Scarfiotti
bianchi,Lucien,Bianchi,BIA,\N,1934-11-10,Belgian,http://en.wikipedia.org/wiki/Lucien_Bianchi
jo_schlesser,Jo,Schlesser,\N,\N,1928-05-18,French,http://en.wikipedia.org/wiki/Jo_Schlesser
widdows,Robin,Widdows,\N,\N,1942-05-27,British,http://en.wikipedia.org/wiki/Robin_Widdows
ahrens,Kurt,Ahrens,\N,\N,1940-04-19,German,"http://en.wikipedia.org/wiki/Kurt_Ahrens,_Jr."
gardner,Frank,Gardner,\N,\N,1930-10-01,Australian,http://en.wikipedia.org/wiki/Frank_Gardner_(driver)
unser,Bobby,Unser,\N,\N,1934-02-20,American,http://en.wikipedia.org/wiki/Bobby_Unser
solana,Moisés,Solana,\N,\N,1935-12-26,Mexican,http://en.wikipedia.org/wiki/Mois%C3%A9s_Solana
anderson,Bob,Anderson,\N,\N,1931-05-19,British,http://en.wikipedia.org/wiki/Bob_Anderson_(racing_driver)
botha,Luki,Botha,\N,\N,1930-01-16,South African,http://en.wikipedia.org/wiki/Luki_Botha
bandini,Lorenzo,Bandini,\N,\N,1935-12-21,Italian,http://en.wikipedia.org/wiki/Lorenzo_Bandini
ginther,Richie,Ginther,\N,\N,1930-08-05,American,http://en.wikipedia.org/wiki/Richie_Ginther
parkes,Mike,Parkes,\N,\N,1931-09-24,British,http://en.wikipedia.org/wiki/Mike_Parkes
irwin,Chris,Irwin,\N,\N,1942-06-27,British,http://en.wikipedia.org/wiki/Chris_Irwin
ligier,Guy,Ligier,\N,\N,1930-07-12,French,http://en.wikipedia.org/wiki/Guy_Ligier
rees,Alan,Rees,\N,\N,1938-01-12,British,http://en.wikipedia.org/wiki/Alan_Rees_(racing_driver)
hart,Brian,Hart,\N,\N,1936-09-07,British,http://en.wikipedia.org/wiki/Brian_Hart
fisher,Mike,Fisher,\N,\N,1943-03-13,American,http://en.wikipedia.org/wiki/Mike_Fisher_(driver)
tom_jones,Tom,Jones,\N,\N,1943-04-26,American,http://en.wikipedia.org/wiki/Tom_Jones_(auto_racer)
baghetti,Giancarlo,Baghetti,\N,\N,1934-12-25,Italian,http://en.wikipedia.org/wiki/Giancarlo_Baghetti
williams,Jonathan,Williams,\N,\N,1942-10-26,British,http://en.wikipedia.org/wiki/Jonathan_Williams_(racing_driver)
bondurant,Bob,Bondurant,\N,\N,1933-04-27,American,http://en.wikipedia.org/wiki/Bob_Bondurant
arundell,Peter,Arundell,\N,\N,1933-11-08,British,http://en.wikipedia.org/wiki/Peter_Arundell
vic_wilson,Vic,Wilson,\N,\N,1931-04-14,British,http://en.wikipedia.org/wiki/Vic_Wilson_(motor_racing_driver)
taylor,John,Taylor,\N,\N,1933-03-23,British,http://en.wikipedia.org/wiki/John_Taylor_(racer)
lawrence,Chris,Lawrence,\N,\N,1933-07-27,British,http://en.wikipedia.org/wiki/Chris_Lawrence_(racing_driver)
trevor_taylor,Trevor,Taylor,\N,\N,1936-12-26,British,http://en.wikipedia.org/wiki/Trevor_Taylor
geki,Giacomo,Russo,\N,\N,1937-10-23,Italian,http://en.wikipedia.org/wiki/Geki_(driver)
phil_hill,Phil,Hill,\N,\N,1927-04-20,American,http://en.wikipedia.org/wiki/Phil_Hill
ireland,Innes,Ireland,\N,\N,1930-06-12,British,http://en.wikipedia.org/wiki/Innes_Ireland
bucknum,Ronnie,Bucknum,\N,\N,1936-04-05,American,http://en.wikipedia.org/wiki/Ronnie_Bucknum
hawkins,Paul,Hawkins,\N,\N,1937-10-12,Australian,http://en.wikipedia.org/wiki/Paul_Hawkins_(racing_driver)
prophet,David,Prophet,\N,\N,1937-10-09,British,http://en.wikipedia.org/wiki/David_Prophet
maggs,Tony,Maggs,\N,\N,1937-02-09,South African,http://en.wikipedia.org/wiki/Tony_Maggs
blokdyk,Trevor,Blokdyk,\N,\N,1935-11-30,South African,http://en.wikipedia.org/wiki/Trevor_Blokdyk
lederle,Neville,Lederle,\N,\N,1938-09-25,South African,http://en.wikipedia.org/wiki/Neville_Lederle
serrurier,Doug,Serrurier,\N,\N,1920-12-09,South African,http://en.wikipedia.org/wiki/Doug_Serrurier
niemann,Brausch,Niemann,\N,\N,1939-01-07,South African,http://en.wikipedia.org/wiki/Brausch_Niemann
pieterse,Ernie,Pieterse,\N,\N,1938-07-04,South African,http://en.wikipedia.org/wiki/Ernie_Pieterse
puzey,Clive,Puzey,\N,\N,1941-07-11,Rhodesian,http://en.wikipedia.org/wiki/Clive_Puzey
reed,Ray,Reed,\N,\N,1932-04-30,South African,http://en.wikipedia.org/wiki/Ray_Reed
clapham,David,Clapham,\N,\N,1931-05-18,South African,http://en.wikipedia.org/wiki/David_Clapham
blignaut,Alex,Blignaut,\N,\N,1932-11-30,South African,http://en.wikipedia.org/wiki/Alex_Blignaut
gregory,Masten,Gregory,\N,\N,1932-02-29,American,http://en.wikipedia.org/wiki/Masten_Gregory
rhodes,John,Rhodes,\N,\N,1927-08-18,British,http://en.wikipedia.org/wiki/John_Rhodes_(driver)
raby,Ian,Raby,\N,\N,1921-09-22,British,http://en.wikipedia.org/wiki/Ian_Raby
rollinson,Alan,Rollinson,\N,\N,1943-05-15,British,http://en.wikipedia.org/wiki/Alan_Rollinson
gubby,Brian,Gubby,\N,\N,1934-04-17,British,http://en.wikipedia.org/wiki/Brian_Gubby
mitter,Gerhard,Mitter,\N,\N,1935-08-30,German,http://en.wikipedia.org/wiki/Gerhard_Mitter
bussinello,Roberto,Bussinello,\N,\N,1927-10-04,Italian,http://en.wikipedia.org/wiki/Roberto_Bussinello
vaccarella,Nino,Vaccarella,\N,\N,1933-03-04,Italian,http://en.wikipedia.org/wiki/Nino_Vaccarella
bassi,Giorgio,Bassi,\N,\N,1934-01-20,Italian,http://en.wikipedia.org/wiki/Giorgio_Bassi
trintignant,Maurice,Trintignant,\N,\N,1917-10-30,French,http://en.wikipedia.org/wiki/Maurice_Trintignant
collomb,Bernard,Collomb,\N,\N,1930-10-07,French,http://en.wikipedia.org/wiki/Bernard_Collomb
andre_pilette,André,Pilette,\N,\N,1918-10-06,Belgian,http://en.wikipedia.org/wiki/Andr%C3%A9_Pilette
beaufort,Carel Godin,de Beaufort,\N,\N,1934-04-10,Dutch,http://en.wikipedia.org/wiki/Carel_Godin_de_Beaufort
barth,Edgar,Barth,\N,\N,1917-01-26,German,http://en.wikipedia.org/wiki/Edgar_Barth
cabral,Mário de Araújo,Cabral,\N,\N,1934-01-15,Portuguese,http://en.wikipedia.org/wiki/Mario_de_Araujo_Cabral
hansgen,Walt,Hansgen,\N,\N,1919-10-28,American,http://en.wikipedia.org/wiki/Walt_Hansgen
sharp,Hap,Sharp,\N,\N,1928-01-01,American,http://en.wikipedia.org/wiki/Hap_Sharp
mairesse,Willy,Mairesse,\N,\N,1928-10-01,Belgian,http://en.wikipedia.org/wiki/Willy_Mairesse
campbell-jones,John,Campbell-Jones,\N,\N,1930-01-21,British,http://en.wikipedia.org/wiki/John_Campbell-Jones
burgess,Ian,Burgess,\N,\N,1930-07-06,British,http://en.wikipedia.org/wiki/Ian_Burgess
settember,Tony,Settember,\N,\N,1926-07-10,American,http://en.wikipedia.org/wiki/Tony_Settember
estefano,Nasif,Estéfano,\N,\N,1932-11-18,Argentine,http://en.wikipedia.org/wiki/Nasif_Est%C3%A9fano
hall,Jim,Hall,\N,\N,1935-07-23,American,http://en.wikipedia.org/wiki/Jim_Hall_(race_car_driver)
parnell,Tim,Parnell,\N,\N,1932-06-25,British,http://en.wikipedia.org/wiki/Tim_Parnell
kuhnke,Kurt,Kuhnke,\N,\N,1910-04-30,German,http://en.wikipedia.org/wiki/Kurt_Kuhnke
ernesto_brambilla,Ernesto,Brambilla,\N,\N,1934-01-31,Italian,http://en.wikipedia.org/wiki/Ernesto_Brambilla
lippi,Roberto,Lippi,\N,\N,1926-10-17,Italian,http://en.wikipedia.org/wiki/Roberto_Lippi
seiffert,Günther,Seiffert,\N,\N,1937-10-18,German,http://en.wikipedia.org/wiki/G%C3%BCnther_Seiffert
abate,Carlo,Abate,\N,\N,1932-07-10,Italian,http://en.wikipedia.org/wiki/Carlo_Mario_Abate
starrabba,Gaetano,Starrabba,\N,\N,1932-12-03,Italian,http://en.wikipedia.org/wiki/Gaetano_Starrabba
broeker,Peter,Broeker,\N,\N,1926-05-15,Canadian,http://en.wikipedia.org/wiki/Peter_Broeker
ward,Rodger,Ward,\N,\N,1921-01-10,American,http://en.wikipedia.org/wiki/Rodger_Ward
vos,Ernie,de Vos,\N,\N,1941-07-01,Dutch,http://en.wikipedia.org/wiki/Ernie_de_Vos
dochnal,Frank,Dochnal,\N,\N,1920-10-08,American,http://en.wikipedia.org/wiki/Frank_Dochnal
monarch,Thomas,Monarch,\N,\N,1945-09-03,American,http://en.wikipedia.org/wiki/Talk:1963_Mexican_Grand_Prix#Who_was_Thomas_Monarch.3F
gasly,Pierre,Gasly,GAS,10,1996-02-07,French,http://en.wikipedia.org/wiki/Pierre_Gasly
lewis,Jackie,Lewis,\N,\N,1936-11-01,British,http://en.wikipedia.org/wiki/Jackie_Lewis
ricardo_rodriguez,Ricardo,Rodríguez,\N,\N,1942-02-14,Mexican,http://en.wikipedia.org/wiki/Ricardo_Rodr%C3%ADguez_(Formula_One)
seidel,Wolfgang,Seidel,\N,\N,1926-07-04,German,http://en.wikipedia.org/wiki/Wolfgang_Seidel
salvadori,Roy,Salvadori,\N,\N,1922-05-12,British,http://en.wikipedia.org/wiki/Roy_Salvadori
pon,Ben,Pon,\N,\N,1936-12-09,Dutch,http://en.wikipedia.org/wiki/Ben_Pon
slotemaker,Rob,Slotemaker,\N,\N,1929-06-13,Dutch,http://en.wikipedia.org/wiki/Rob_Slotemaker
marsh,Tony,Marsh,\N,\N,1931-07-20,British,http://en.wikipedia.org/wiki/Tony_Marsh_(racing_driver)
ashmore,Gerry,Ashmore,\N,\N,1936-07-25,British,http://en.wikipedia.org/wiki/Gerry_Ashmore
schiller,Heinz,Schiller,\N,\N,1930-01-25,Swiss,http://en.wikipedia.org/wiki/Heinz_Schiller
davis,Colin,Davis,\N,\N,1933-07-29,British,http://en.wikipedia.org/wiki/Colin_Davis_(driver)
chamberlain,Jay,Chamberlain,\N,\N,1925-12-29,American,http://en.wikipedia.org/wiki/Jay_Chamberlain
shelly,Tony,Shelly,\N,\N,1937-02-02,New Zealander,http://en.wikipedia.org/wiki/Tony_Shelly
greene,Keith,Greene,\N,\N,1938-01-05,British,http://en.wikipedia.org/wiki/Keith_Greene
walter,Heini,Walter,\N,\N,1927-07-28,Swiss,http://en.wikipedia.org/wiki/Heini_Walter
prinoth,Ernesto,Prinoth,\N,\N,1923-04-15,Italian,http://en.wikipedia.org/wiki/Ernesto_Prinoth
penske,Roger,Penske,\N,\N,1937-02-20,American,http://en.wikipedia.org/wiki/Roger_Penske
schroeder,Rob,Schroeder,\N,\N,1926-05-11,British,http://en.wikipedia.org/wiki/Rob_Schroeder
mayer,Timmy,Mayer,\N,\N,1938-02-22,American,http://en.wikipedia.org/wiki/Timmy_Mayer
johnstone,Bruce,Johnstone,\N,\N,1937-01-30,South African,http://en.wikipedia.org/wiki/Bruce_Johnstone_(racing_driver)
harris,Mike,Harris,\N,\N,1939-05-25,South African,http://en.wikipedia.org/wiki/Mike_Harris_(race_car_driver)
hocking,Gary,Hocking,\N,\N,1937-09-30,Rhodesian,http://en.wikipedia.org/wiki/Gary_Hocking
vyver,Syd,van der Vyver,\N,\N,1920-06-01,South African,http://en.wikipedia.org/wiki/Syd_van_der_Vyver
moss,Stirling,Moss,\N,\N,1929-09-17,British,http://en.wikipedia.org/wiki/Stirling_Moss
trips,Wolfgang,von Trips,\N,\N,1928-05-04,German,http://en.wikipedia.org/wiki/Wolfgang_Graf_Berghe_von_Trips
allison,Cliff,Allison,\N,\N,1932-02-08,British,http://en.wikipedia.org/wiki/Cliff_Allison
herrmann,Hans,Herrmann,\N,\N,1928-02-23,German,http://en.wikipedia.org/wiki/Hans_Herrmann
brooks,Tony,Brooks,\N,\N,1932-02-25,British,http://en.wikipedia.org/wiki/Tony_Brooks
may,Michael,May,\N,\N,1934-08-18,Swiss,http://en.wikipedia.org/wiki/Michael_May_(racing_driver)
henry_taylor,Henry,Taylor,\N,\N,1932-12-16,British,http://en.wikipedia.org/wiki/Henry_Taylor_(racing_driver)
gendebien,Olivier,Gendebien,\N,\N,1924-01-12,Belgian,http://en.wikipedia.org/wiki/Olivier_Gendebien
scarlatti,Giorgio,Scarlatti,\N,\N,1921-10-02,Italian,http://en.wikipedia.org/wiki/Giorgio_Scarlatti
naylor,Brian,Naylor,\N,\N,1923-03-24,British,http://en.wikipedia.org/wiki/Brian_Naylor
bordeu,Juan Manuel,Bordeu,\N,\N,1934-01-28,Argentine,http://en.wikipedia.org/wiki/Juan_Manuel_Bordeu
fairman,Jack,Fairman,\N,\N,1913-03-15,British,http://en.wikipedia.org/wiki/Jack_Fairman
natili,Massimo,Natili,\N,\N,1935-07-28,Italian,http://en.wikipedia.org/wiki/Massimo_Natili
monteverdi,Peter,Monteverdi,\N,\N,1934-06-07,Swiss,http://en.wikipedia.org/wiki/Peter_Monteverdi
pirocchi,Renato,Pirocchi,\N,\N,1933-03-26,Italian,http://en.wikipedia.org/wiki/Renato_Pirocchi
duke,Geoff,Duke,\N,\N,1923-03-29,British,http://en.wikipedia.org/wiki/Geoff_Duke
thiele,Alfonso,Thiele,\N,\N,1920-04-05,American-Italian,http://en.wikipedia.org/wiki/Alfonso_Thiele
boffa,Menato,Boffa,\N,\N,1930-01-04,Italian,http://en.wikipedia.org/wiki/Menato_Boffa
ryan,Peter,Ryan,\N,\N,1940-06-10,Canadian,http://en.wikipedia.org/wiki/Peter_Ryan_(driver)
ruby,Lloyd,Ruby,\N,\N,1928-01-12,American,http://en.wikipedia.org/wiki/Lloyd_Ruby
ken_miles,Ken,Miles,\N,\N,1918-11-01,British,http://en.wikipedia.org/wiki/Ken_Miles
menditeguy,Carlos,Menditeguy,\N,\N,1914-08-10,Argentine,http://en.wikipedia.org/wiki/Carlos_Menditeguy
larreta,Alberto Rodriguez,Larreta,\N,\N,1934-01-14,Argentine,http://en.wikipedia.org/wiki/Alberto_Rodriguez_Larreta
gonzalez,José Froilán,González,\N,\N,1922-10-05,Argentine,http://en.wikipedia.org/wiki/Jos%C3%A9_Froil%C3%A1n_Gonz%C3%A1lez
bonomi,Roberto,Bonomi,\N,\N,1919-09-30,Argentine,http://en.wikipedia.org/wiki/Roberto_Bonomi
munaron,Gino,Munaron,\N,\N,1928-04-02,Italian,http://en.wikipedia.org/wiki/Gino_Munaron
schell,Harry,Schell,\N,\N,1921-06-29,American,http://en.wikipedia.org/wiki/Harry_Schell
stacey,Alan,Stacey,\N,\N,1933-08-29,British,http://en.wikipedia.org/wiki/Alan_Stacey
chimeri,Ettore,Chimeri,\N,\N,1921-06-04,Venezuelan,http://en.wikipedia.org/wiki/Ettore_Chimeri
creus,Antonio,Creus,\N,\N,1924-10-28,Spanish,http://en.wikipedia.org/wiki/Antonio_Creus
bristow,Chris,Bristow,\N,\N,1937-12-02,British,http://en.wikipedia.org/wiki/Chris_Bristow
halford,Bruce,Halford,\N,\N,1931-05-18,British,http://en.wikipedia.org/wiki/Bruce_Halford
daigh,Chuck,Daigh,\N,\N,1923-11-29,American,http://en.wikipedia.org/wiki/Chuck_Daigh
reventlow,Lance,Reventlow,\N,\N,1936-02-24,American,http://en.wikipedia.org/wiki/Lance_Reventlow
rathmann,Jim,Rathmann,\N,\N,1928-07-16,American,http://en.wikipedia.org/wiki/Jim_Rathmann
goldsmith,Paul,Goldsmith,\N,\N,1925-10-02,American,http://en.wikipedia.org/wiki/Paul_Goldsmith
branson,Don,Branson,\N,\N,1920-06-02,American,http://en.wikipedia.org/wiki/Don_Branson
thomson,Johnny,Thomson,\N,\N,1922-04-09,American,http://en.wikipedia.org/wiki/Johnny_Thomson
johnson,Eddie,Johnson,\N,\N,1919-02-10,American,http://en.wikipedia.org/wiki/Eddie_Johnson_(auto_racer)
veith,Bob,Veith,\N,\N,1926-11-01,American,http://en.wikipedia.org/wiki/Bob_Veith
tingelstad,Bud,Tingelstad,\N,\N,1928-04-04,American,http://en.wikipedia.org/wiki/Bud_Tingelstad
christie,Bob,Christie,\N,\N,1924-04-04,American,http://en.wikipedia.org/wiki/Bob_Christie_(racing_driver)
amick,Red,Amick,\N,\N,1929-01-19,American,http://en.wikipedia.org/wiki/Red_Amick
darter,Duane,Carter,\N,\N,1913-05-05,American,http://en.wikipedia.org/wiki/Duane_Carter
homeier,Bill,Homeier,\N,\N,1918-08-31,American,http://en.wikipedia.org/wiki/Bill_Homeier
hartley,Gene,Hartley,\N,\N,1926-01-28,American,http://en.wikipedia.org/wiki/Gene_Hartley
stevenson,Chuck,Stevenson,\N,\N,1919-10-15,American,http://en.wikipedia.org/wiki/Chuck_Stevenson
grim,Bobby,Grim,\N,\N,1924-09-04,American,http://en.wikipedia.org/wiki/Bobby_Grim
templeman,Shorty,Templeman,\N,\N,1919-08-12,American,http://en.wikipedia.org/wiki/Shorty_Templeman
hurtubise,Jim,Hurtubise,\N,\N,1932-12-05,American,http://en.wikipedia.org/wiki/Jim_Hurtubise
bryan,Jimmy,Bryan,\N,\N,1926-01-28,American,http://en.wikipedia.org/wiki/Jimmy_Bryan
ruttman,Troy,Ruttman,\N,\N,1930-03-11,American,http://en.wikipedia.org/wiki/Troy_Ruttman
sachs,Eddie,Sachs,\N,\N,1927-05-28,American,http://en.wikipedia.org/wiki/Eddie_Sachs
freeland,Don,Freeland,\N,\N,1925-03-25,American,http://en.wikipedia.org/wiki/Don_Freeland
bettenhausen,Tony,Bettenhausen,\N,\N,1916-09-12,American,http://en.wikipedia.org/wiki/Tony_Bettenhausen
weiler,Wayne,Weiler,\N,\N,1934-12-09,American,http://en.wikipedia.org/wiki/Wayne_Weiler
foyt,Anthony,Foyt,\N,\N,1935-01-16,American,http://en.wikipedia.org/wiki/A.J._Foyt
russo,Eddie,Russo,\N,\N,1925-11-19,American,http://en.wikipedia.org/wiki/Eddie_Russo
boyd,Johnny,Boyd,\N,\N,1926-08-19,American,http://en.wikipedia.org/wiki/Johnny_Boyd
force,Gene,Force,\N,\N,1916-06-15,American,http://en.wikipedia.org/wiki/Gene_Force
mcwithey,Jim,McWithey,\N,\N,1927-07-04,American,http://en.wikipedia.org/wiki/Jim_McWithey
sutton,Len,Sutton,\N,\N,1925-08-09,American,http://en.wikipedia.org/wiki/Len_Sutton
dick_rathmann,Dick,Rathmann,\N,\N,1924-01-06,American,http://en.wikipedia.org/wiki/Dick_Rathmann
herman,Al,Herman,\N,\N,1927-03-15,American,http://en.wikipedia.org/wiki/Al_Herman
dempsey_wilson,Dempsey,Wilson,\N,\N,1927-03-11,American,http://en.wikipedia.org/wiki/Dempsey_Wilson
mike_taylor,Mike,Taylor,\N,\N,1934-04-24,British,http://en.wikipedia.org/wiki/Mike_Taylor_(driver)
flockhart,Ron,Flockhart,\N,\N,1923-06-16,British,http://en.wikipedia.org/wiki/Ron_Flockhart_(auto_racing)
piper,David,Piper,\N,\N,1930-12-02,British,http://en.wikipedia.org/wiki/David_Piper
cabianca,Giulio,Cabianca,\N,\N,1923-02-19,Italian,http://en.wikipedia.org/wiki/Giulio_Cabianca
drogo,Piero,Drogo,\N,\N,1926-08-08,Italian,http://en.wikipedia.org/wiki/Piero_Drogo
gamble,Fred,Gamble,\N,\N,1932-03-17,American,http://en.wikipedia.org/wiki/Fred_Gamble_(racing_driver)
owen,Arthur,Owen,\N,\N,1915-03-23,British,http://en.wikipedia.org/wiki/Arthur_Owen
gould,Horace,Gould,\N,\N,1918-09-20,British,http://en.wikipedia.org/wiki/Horace_Gould
drake,Bob,Drake,\N,\N,1919-12-14,American,http://en.wikipedia.org/wiki/Bob_Drake_(Formula_One)
bueb,Ivor,Bueb,\N,\N,1923-06-06,British,http://en.wikipedia.org/wiki/Ivor_Bueb
Changy,Alain,de Changy,\N,\N,1922-02-05,Belgian,http://en.wikipedia.org/wiki/Alain_de_Changy
filippis,Maria,de Filippis,\N,\N,1926-11-11,Italian,http://en.wikipedia.org/wiki/Maria_Teresa_de_Filippis
lucienbonnet,Jean,Lucienbonnet,\N,\N,1923-01-07,French,http://en.wikipedia.org/wiki/Jean_Lucienbonnet
testut,André,Testut,\N,\N,1926-04-13,Monegasque,http://en.wikipedia.org/wiki/Andr%C3%A9_Testut
behra,Jean,Behra,\N,\N,1921-02-16,French,http://en.wikipedia.org/wiki/Jean_Behra
paul_russo,Paul,Russo,\N,\N,1914-04-10,American,http://en.wikipedia.org/wiki/Paul_Russo
daywalt,Jimmy,Daywalt,\N,\N,1924-08-28,American,http://en.wikipedia.org/wiki/Jimmy_Daywalt
arnold,Chuck,Arnold,\N,\N,1926-05-30,American,http://en.wikipedia.org/wiki/Chuck_Arnold
keller,Al,Keller,\N,\N,1920-04-11,American,http://en.wikipedia.org/wiki/Al_Keller
flaherty,Pat,Flaherty,\N,\N,1926-01-06,American,http://en.wikipedia.org/wiki/Pat_Flaherty_(racing_driver)
cheesbourg,Bill,Cheesbourg,\N,\N,1927-06-12,American,http://en.wikipedia.org/wiki/Bill_Cheesbourg
ray_crawford,Ray,Crawford,\N,\N,1915-10-26,American,http://en.wikipedia.org/wiki/Ray_Crawford
turner,Jack,Turner,\N,\N,1920-02-12,American,http://en.wikipedia.org/wiki/Jack_Turner_(driver)
weyant,Chuck,Weyant,\N,\N,1923-04-03,American,http://en.wikipedia.org/wiki/Chuck_Weyant
larson,Jud,Larson,\N,\N,1923-01-21,American,http://en.wikipedia.org/wiki/Jud_Larson
magill,Mike,Magill,\N,\N,1920-02-08,American,http://en.wikipedia.org/wiki/Mike_Magill
shelby,Carroll,Shelby,\N,\N,1923-01-11,American,http://en.wikipedia.org/wiki/Carroll_Shelby
orey,Fritz,d'Orey,\N,\N,1938-03-25,Brazilian,http://en.wikipedia.org/wiki/Fritz_d%27Orey
fontes,Azdrubal,Fontes,\N,\N,1922-12-26,Uruguayan,http://en.wikipedia.org/wiki/Azdrubal_Fontes
ashdown,Peter,Ashdown,\N,\N,1934-10-16,British,http://en.wikipedia.org/wiki/Peter_Ashdown
bill_moss,Bill,Moss,\N,\N,1933-09-04,British,http://en.wikipedia.org/wiki/Bill_Moss_(racing_driver)
dennis_taylor,Dennis,Taylor,\N,\N,1921-06-12,British,http://en.wikipedia.org/wiki/Dennis_Taylor_(racing_driver)
blanchard,Harry,Blanchard,\N,\N,1929-06-13,American,http://en.wikipedia.org/wiki/Harry_Blanchard
tomaso,Alessandro,de Tomaso,\N,\N,1928-07-10,Argentine-Italian,http://en.wikipedia.org/wiki/Alessandro_de_Tomaso
constantine,George,Constantine,\N,\N,1918-02-22,American,http://en.wikipedia.org/wiki/George_Constantine
said,Bob,Said,\N,\N,1932-05-05,American,http://en.wikipedia.org/wiki/Bob_Said
cade,Phil,Cade,\N,\N,1916-06-12,American,http://en.wikipedia.org/wiki/Phil_Cade
musso,Luigi,Musso,\N,\N,1924-07-28,Italian,http://en.wikipedia.org/wiki/Luigi_Musso
hawthorn,Mike,Hawthorn,\N,\N,1929-04-10,British,http://en.wikipedia.org/wiki/Mike_Hawthorn
fangio,Juan,Fangio,\N,\N,1911-06-24,Argentine,http://en.wikipedia.org/wiki/Juan_Manuel_Fangio
godia,Paco,Godia,\N,\N,1921-03-21,Spanish,http://en.wikipedia.org/wiki/Paco_Godia
collins,Peter,Collins,\N,\N,1931-11-06,British,http://en.wikipedia.org/wiki/Peter_Collins_(racing_driver)
kavanagh,Ken,Kavanagh,\N,\N,1923-12-12,Australian,http://en.wikipedia.org/wiki/Ken_Kavanagh
gerini,Gerino,Gerini,\N,\N,1928-08-10,Italian,http://en.wikipedia.org/wiki/Gerino_Gerini_(racing_driver)
kessler,Bruce,Kessler,\N,\N,1936-03-23,American,http://en.wikipedia.org/wiki/Bruce_Kessler
emery,Paul,Emery,\N,\N,1916-11-12,British,http://en.wikipedia.org/wiki/Paul_Emery
piotti,Luigi,Piotti,\N,\N,1913-10-27,Italian,http://en.wikipedia.org/wiki/Luigi_Piotti
ecclestone,Bernie,Ecclestone,\N,\N,1930-10-28,British,http://en.wikipedia.org/wiki/Bernie_Ecclestone
taramazzo,Luigi,Taramazzo,\N,\N,1932-05-05,Italian,http://en.wikipedia.org/wiki/Luigi_Taramazzo
chiron,Louis,Chiron,\N,\N,1899-08-03,Monegasque,http://en.wikipedia.org/wiki/Louis_Chiron
lewis-evans,Stuart,Lewis-Evans,\N,\N,1930-04-20,British,http://en.wikipedia.org/wiki/Stuart_Lewis-Evans
george_amick,George,Amick,\N,\N,1924-10-24,American,http://en.wikipedia.org/wiki/George_Amick
reece,Jimmy,Reece,\N,\N,1929-11-17,American,http://en.wikipedia.org/wiki/Jimmy_Reece
parsons,Johnnie,Parsons,\N,\N,1918-07-04,American,http://en.wikipedia.org/wiki/Johnnie_Parsons
tolan,Johnnie,Tolan,\N,\N,1917-10-22,American,http://en.wikipedia.org/wiki/Johnnie_Tolan
garrett,Billy,Garrett,\N,\N,1933-04-24,American,http://en.wikipedia.org/wiki/Billy_Garrett
elisian,Ed,Elisian,\N,\N,1926-12-09,American,http://en.wikipedia.org/wiki/Ed_Elisian
connor,Pat,O'Connor,\N,\N,1928-10-09,American,http://en.wikipedia.org/wiki/Pat_O%27Connor_(auto_racer)
jerry_unser,Jerry,Unser,\N,\N,1932-11-15,American,http://en.wikipedia.org/wiki/Jerry_Unser
bisch,Art,Bisch,\N,\N,1926-11-10,American,http://en.wikipedia.org/wiki/Art_Bisch
goethals,Christian,Goethals,\N,\N,1928-08-04,Belgian,http://en.wikipedia.org/wiki/Christian_Goethals
gibson,Dick,Gibson,\N,\N,1918-04-16,British,http://en.wikipedia.org/wiki/Dick_Gibson
la_caze,Robert,La Caze,\N,\N,1917-02-26,French,http://en.wikipedia.org/wiki/Robert_La_Caze
guelfi,André,Guelfi,\N,\N,1919-05-06,French,http://en.wikipedia.org/wiki/Andr%C3%A9_Guelfi
picard,François,Picard,\N,\N,1921-04-26,French,http://en.wikipedia.org/wiki/Fran%C3%A7ois_Picard
bridger,Tom,Bridger,\N,\N,1934-06-24,British,http://en.wikipedia.org/wiki/Tom_Bridger
portago,Alfonso,de Portago,\N,\N,1928-10-11,Spanish,http://en.wikipedia.org/wiki/Alfonso_de_Portago
perdisa,Cesare,Perdisa,\N,\N,1932-10-21,Italian,http://en.wikipedia.org/wiki/Cesare_Perdisa
castellotti,Eugenio,Castellotti,\N,\N,1930-10-10,Italian,http://en.wikipedia.org/wiki/Eugenio_Castellotti
simon,André,Simon,\N,\N,1920-01-05,French,http://en.wikipedia.org/wiki/Andr%C3%A9_Simon_(racing_driver)
leston,Les,Leston,\N,\N,1920-12-16,British,http://en.wikipedia.org/wiki/Les_Leston
hanks,Sam,Hanks,\N,\N,1914-07-13,American,http://en.wikipedia.org/wiki/Sam_Hanks
linden,Andy,Linden,\N,\N,1922-04-05,American,http://en.wikipedia.org/wiki/Andy_Linden_(racing_driver)
teague,Marshall,Teague,\N,\N,1921-02-22,American,http://en.wikipedia.org/wiki/Marshall_Teague_(racing_driver)
edmunds,Don,Edmunds,\N,\N,1930-09-23,American,http://en.wikipedia.org/wiki/Don_Edmunds
agabashian,Fred,Agabashian,\N,\N,1913-08-21,American,http://en.wikipedia.org/wiki/Fred_Agabashian
george,Elmer,George,\N,\N,1928-07-15,American,http://en.wikipedia.org/wiki/Elmer_George
macdowel,Mike,MacDowel,\N,\N,1932-09-13,British,http://en.wikipedia.org/wiki/Mike_MacDowel
mackay-fraser,Herbert,MacKay-Fraser,\N,\N,1927-06-23,American,http://en.wikipedia.org/wiki/Herbert_MacKay-Fraser
gerard,Bob,Gerard,\N,\N,1914-01-19,British,http://en.wikipedia.org/wiki/Bob_Gerard
maglioli,Umberto,Maglioli,\N,\N,1928-06-05,Italian,http://en.wikipedia.org/wiki/Umberto_Maglioli
england,Paul,England,\N,\N,1929-03-28,Australian,http://en.wikipedia.org/wiki/Paul_England
landi,Chico,Landi,\N,\N,1907-07-14,Brazilian,http://en.wikipedia.org/wiki/Chico_Landi
uria,Alberto,Uria,\N,\N,1924-07-11,Uruguayan,http://en.wikipedia.org/wiki/Alberto_Uria
ramos,Hernando,da Silva Ramos,\N,\N,1925-12-07,Brazilian,http://en.wikipedia.org/wiki/Hernando_da_Silva_Ramos
bayol,Élie,Bayol,\N,\N,1914-02-28,French,http://en.wikipedia.org/wiki/%C3%89lie_Bayol
manzon,Robert,Manzon,\N,\N,1917-04-12,French,http://en.wikipedia.org/wiki/Robert_Manzon
rosier,Louis,Rosier,\N,\N,1905-11-05,French,http://en.wikipedia.org/wiki/Louis_Rosier
sweikert,Bob,Sweikert,\N,\N,1926-05-20,American,http://en.wikipedia.org/wiki/Bob_Sweikert
griffith,Cliff,Griffith,\N,\N,1916-02-06,American,http://en.wikipedia.org/wiki/Cliff_Griffith
dinsmore,Duke,Dinsmore,\N,\N,1913-04-10,American,http://en.wikipedia.org/wiki/Duke_Dinsmore
andrews,Keith,Andrews,\N,\N,1920-06-15,American,http://en.wikipedia.org/wiki/Keith_Andrews_(driver)
frere,Paul,Frère,\N,\N,1917-01-30,Belgian,http://en.wikipedia.org/wiki/Paul_Fr%C3%A8re
villoresi,Luigi,Villoresi,\N,\N,1909-05-16,Italian,http://en.wikipedia.org/wiki/Luigi_Villoresi
scotti,Piero,Scotti,\N,\N,1909-11-11,Italian,http://en.wikipedia.org/wiki/Piero_Scotti
chapman,Colin,Chapman,\N,\N,1928-05-19,British,http://en.wikipedia.org/wiki/Colin_Chapman
titterington,Desmond,Titterington,\N,\N,1928-05-01,British,http://en.wikipedia.org/wiki/Desmond_Titterington
scott_Brown,Archie,Scott Brown,\N,\N,1927-05-13,British,http://en.wikipedia.org/wiki/Archie_Scott_Brown
volonterio,Ottorino,Volonterio,\N,\N,1917-12-07,Swiss,http://en.wikipedia.org/wiki/Ottorino_Volonterio
milhoux,André,Milhoux,\N,\N,1928-12-09,Belgian,http://en.wikipedia.org/wiki/Andr%C3%A9_Milhoux
graffenried,Toulo,de Graffenried,\N,\N,1914-05-18,Swiss,http://en.wikipedia.org/wiki/Toulo_de_Graffenried
taruffi,Piero,Taruffi,\N,\N,1906-10-12,Italian,http://en.wikipedia.org/wiki/Piero_Taruffi
farina,Nino,Farina,\N,\N,1906-10-30,Italian,http://en.wikipedia.org/wiki/Nino_Farina
mieres,Roberto,Mieres,\N,\N,1924-12-03,Argentine,http://en.wikipedia.org/wiki/Roberto_Mieres
mantovani,Sergio,Mantovani,\N,\N,1929-05-22,Italian,http://en.wikipedia.org/wiki/Sergio_Mantovani
bucci,Clemar,Bucci,\N,\N,1920-09-04,Argentine,http://en.wikipedia.org/wiki/Clemar_Bucci
iglesias,Jesús,Iglesias,\N,\N,1922-02-22,Argentine,http://en.wikipedia.org/wiki/Jes%C3%BAs_Iglesias
ascari,Alberto,Ascari,\N,\N,1918-07-13,Italian,http://en.wikipedia.org/wiki/Alberto_Ascari
kling,Karl,Kling,\N,\N,1910-09-16,German,http://en.wikipedia.org/wiki/Karl_Kling
birger,Pablo,Birger,\N,\N,1924-01-07,Argentine,http://en.wikipedia.org/wiki/Pablo_Birger
pollet,Jacques,Pollet,\N,\N,1922-07-02,French,http://en.wikipedia.org/wiki/Jacques_Pollet
macklin,Lance,Macklin,\N,\N,1919-09-02,British,http://en.wikipedia.org/wiki/Lance_Macklin
whiteaway,Ted,Whiteaway,\N,\N,1928-11-01,British,http://en.wikipedia.org/wiki/Ted_Whiteaway
davies,Jimmy,Davies,\N,\N,1929-08-08,American,http://en.wikipedia.org/wiki/Jimmy_Davies
faulkner,Walt,Faulkner,\N,\N,1920-02-16,American,http://en.wikipedia.org/wiki/Walt_Faulkner
niday,Cal,Niday,\N,\N,1914-04-29,American,http://en.wikipedia.org/wiki/Cal_Niday
cross,Art,Cross,\N,\N,1918-01-24,American,http://en.wikipedia.org/wiki/Art_Cross
vukovich,Bill,Vukovich,\N,\N,1918-12-13,American,http://en.wikipedia.org/wiki/Bill_Vukovich
mcgrath,Jack,McGrath,\N,\N,1919-10-08,American,http://en.wikipedia.org/wiki/Jack_McGrath_(racing_driver)
hoyt,Jerry,Hoyt,\N,\N,1929-01-29,American,http://en.wikipedia.org/wiki/Jerry_Hoyt
claes,Johnny,Claes,\N,\N,1916-08-11,Belgian,http://en.wikipedia.org/wiki/Johnny_Claes
peter_walker,Peter,Walker,\N,\N,1912-10-07,British,http://en.wikipedia.org/wiki/Peter_Walker_(driver)
sparken,Mike,Sparken,\N,\N,1930-06-16,French,http://en.wikipedia.org/wiki/Mike_Sparken
wharton,Ken,Wharton,\N,\N,1916-03-21,British,http://en.wikipedia.org/wiki/Ken_Wharton
mcalpine,Kenneth,McAlpine,\N,\N,1920-09-21,British,http://en.wikipedia.org/wiki/Kenneth_McAlpine
marr,Leslie,Marr,\N,\N,1922-08-14,British,http://en.wikipedia.org/wiki/Leslie_Marr
rolt,Tony,Rolt,\N,\N,1918-10-16,British,http://en.wikipedia.org/wiki/Tony_Rolt
fitch,John,Fitch,\N,\N,1917-08-04,American,http://en.wikipedia.org/wiki/John_Fitch_(driver)
lucas,Jean,Lucas,\N,\N,1917-04-25,French,http://en.wikipedia.org/wiki/Jean_Lucas
bira,Prince,Bira,\N,\N,1914-07-15,Thai,http://en.wikipedia.org/wiki/Prince_Bira
marimon,Onofre,Marimón,\N,\N,1923-12-19,Argentine,http://en.wikipedia.org/wiki/Onofre_Marim%C3%B3n
loyer,Roger,Loyer,\N,\N,1907-08-05,French,http://en.wikipedia.org/wiki/Roger_Loyer
daponte,Jorge,Daponte,\N,\N,1923-06-05,Argentine,http://en.wikipedia.org/wiki/Jorge_Daponte
nazaruk,Mike,Nazaruk,\N,\N,1921-10-02,American,http://en.wikipedia.org/wiki/Mike_Nazaruk
crockett,Larry,Crockett,\N,\N,1926-10-23,American,http://en.wikipedia.org/wiki/Larry_Crockett
ayulo,Manny,Ayulo,\N,\N,1921-10-20,American,http://en.wikipedia.org/wiki/Manny_Ayulo
armi,Frank,Armi,\N,\N,1918-10-12,American,http://en.wikipedia.org/wiki/Frank_Armi
webb,Travis,Webb,\N,\N,1910-10-08,American,http://en.wikipedia.org/wiki/Travis_Webb
duncan,Len,Duncan,\N,\N,1911-07-25,American,http://en.wikipedia.org/wiki/Len_Duncan
mccoy,Ernie,McCoy,\N,\N,1921-02-19,American,http://en.wikipedia.org/wiki/Ernie_McCoy
swaters,Jacques,Swaters,\N,\N,1926-10-30,American,http://en.wikipedia.org/wiki/Jacques_Swaters
georges_berger,Georges,Berger,\N,\N,1918-09-14,Belgian,http://en.wikipedia.org/wiki/Georges_Berger
beauman,Don,Beauman,\N,\N,1928-07-26,British,http://en.wikipedia.org/wiki/Don_Beauman
thorne,Leslie,Thorne,\N,\N,1916-06-23,British,http://en.wikipedia.org/wiki/Leslie_Thorne
whitehouse,Bill,Whitehouse,\N,\N,1909-04-01,British,http://en.wikipedia.org/wiki/Bill_Whitehouse
riseley_prichard,John,Riseley-Prichard,\N,\N,1924-01-17,British,http://en.wikipedia.org/wiki/John_Riseley-Prichard
reg_parnell,Reg,Parnell,\N,\N,1911-07-02,British,http://en.wikipedia.org/wiki/Reg_Parnell
whitehead,Peter,Whitehead,\N,\N,1914-11-12,British,http://en.wikipedia.org/wiki/Peter_Whitehead_(racing_driver)
brandon,Eric,Brandon,\N,\N,1920-07-18,British,http://en.wikipedia.org/wiki/Eric_Brandon
alan_brown,Alan,Brown,\N,\N,1919-11-20,British,http://en.wikipedia.org/wiki/Alan_Brown_(racing_driver)
nuckey,Rodney,Nuckey,\N,\N,1929-06-26,British,http://en.wikipedia.org/wiki/Rodney_Nuckey
lang,Hermann,Lang,\N,\N,1909-04-06,German,http://en.wikipedia.org/wiki/Hermann_Lang
helfrich,Theo,Helfrich,\N,\N,1913-05-13,German,http://en.wikipedia.org/wiki/Theo_Helfrich
wacker,Fred,Wacker,\N,\N,1918-07-10,American,http://en.wikipedia.org/wiki/Fred_Wacker
riu,Giovanni,de Riu,\N,\N,1925-03-10,Italian,http://en.wikipedia.org/wiki/Giovanni_de_Riu
galvez,Oscar,Gálvez,\N,\N,1913-08-17,Argentine,http://en.wikipedia.org/wiki/%C3%93scar_Alfredo_G%C3%A1lvez
john_barber,John,Barber,\N,\N,1929-07-22,British,http://en.wikipedia.org/wiki/John_Barber_(racing_driver)
bonetto,Felice,Bonetto,\N,\N,1903-06-09,Italian,http://en.wikipedia.org/wiki/Felice_Bonetto
cruz,Adolfo,Cruz,\N,\N,1923-06-28,Argentine,http://en.wikipedia.org/wiki/Adolfo_Schewelm_Cruz
nalon,Duke,Nalon,\N,\N,1913-03-02,American,http://en.wikipedia.org/wiki/Duke_Nalon
scarborough,Carl,Scarborough,\N,\N,1914-07-03,American,http://en.wikipedia.org/wiki/Carl_Scarborough
holland,Bill,Holland,\N,\N,1907-12-18,American,http://en.wikipedia.org/wiki/Bill_Holland
bob_scott,Bob,Scott,\N,\N,1928-10-04,American,http://en.wikipedia.org/wiki/Bob_Scott_(auto_racer)
legat,Arthur,Legat,\N,\N,1898-11-01,Belgian,http://en.wikipedia.org/wiki/Arthur_Legat
cabantous,Yves,Cabantous,\N,\N,1904-10-08,French,http://en.wikipedia.org/wiki/Yves_Giraud_Cabantous
crook,Tony,Crook,\N,\N,1920-02-16,British,http://en.wikipedia.org/wiki/Tony_Crook
jimmy_stewart,Jimmy,Stewart,\N,\N,1931-03-06,British,http://en.wikipedia.org/wiki/Jimmy_Stewart_(racing_driver)
ian_stewart,Ian,Stewart,\N,\N,1929-07-15,British,http://en.wikipedia.org/wiki/Ian_Stewart_(racing_driver)
duncan_hamilton,Duncan,Hamilton,\N,\N,1920-04-30,British,http://en.wikipedia.org/wiki/Duncan_Hamilton_(racing_driver)
klodwig,Ernst,Klodwig,\N,\N,1903-05-23,East German,http://en.wikipedia.org/wiki/Ernst_Klodwig
krause,Rudolf,Krause,\N,\N,1907-03-30,East German,http://en.wikipedia.org/wiki/Rudolf_Krause
karch,Oswald,Karch,\N,\N,1917-03-06,German,http://en.wikipedia.org/wiki/Oswald_Karch
heeks,Willi,Heeks,\N,\N,1922-02-13,German,http://en.wikipedia.org/wiki/Willi_Heeks
fitzau,Theo,Fitzau,\N,\N,1923-02-10,East German,http://en.wikipedia.org/wiki/Theo_Fitzau
adolff,Kurt,Adolff,\N,\N,1921-11-05,German,http://en.wikipedia.org/wiki/Kurt_Adolff
bechem,Günther,Bechem,\N,\N,1921-12-21,German,http://en.wikipedia.org/wiki/G%C3%BCnther_Bechem
bauer,Erwin,Bauer,\N,\N,1912-07-17,German,http://en.wikipedia.org/wiki/Erwin_Bauer
hans_stuck,Hans,von Stuck,\N,\N,1900-12-27,German,http://en.wikipedia.org/wiki/Hans_Von_Stuck
loof,Ernst,Loof,\N,\N,1907-07-04,German,http://en.wikipedia.org/wiki/Ernst_Loof
scherrer,Albert,Scherrer,\N,\N,1908-02-28,Swiss,http://en.wikipedia.org/wiki/Albert_Scherrer
terra,Max,de Terra,\N,\N,1918-10-06,Swiss,http://en.wikipedia.org/wiki/Max_de_Terra
hirt,Peter,Hirt,\N,\N,1910-03-30,Swiss,http://en.wikipedia.org/wiki/Peter_Hirt
carini,Piero,Carini,\N,\N,1921-03-06,Italian,http://en.wikipedia.org/wiki/Piero_Carini
fischer,Rudi,Fischer,\N,\N,1912-04-19,Swiss,http://en.wikipedia.org/wiki/Rudi_Fischer
ulmen,Toni,Ulmen,\N,\N,1906-01-25,German,http://en.wikipedia.org/wiki/Toni_Ulmen
abecassis,George,Abecassis,\N,\N,1913-03-21,British,http://en.wikipedia.org/wiki/George_Abecassis
george_connor,George,Connor,\N,\N,1906-08-16,American,http://en.wikipedia.org/wiki/George_Connor_(driver)
rigsby,Jim,Rigsby,\N,\N,1923-06-06,American,http://en.wikipedia.org/wiki/Jim_Rigsby
james,Joe,James,\N,\N,1925-05-23,American,http://en.wikipedia.org/wiki/Joe_James_(racing_driver)
schindler,Bill,Schindler,\N,\N,1909-03-06,American,http://en.wikipedia.org/wiki/Bill_Schindler
fonder,George,Fonder,\N,\N,1917-06-22,American,http://en.wikipedia.org/wiki/George_Fonder
banks,Henry,Banks,\N,\N,1913-06-14,American,http://en.wikipedia.org/wiki/Henry_Banks
mcdowell,Johnny,McDowell,\N,\N,1915-01-29,American,http://en.wikipedia.org/wiki/Johnny_McDowell
miller,Chet,Miller,\N,\N,1902-07-19,American,http://en.wikipedia.org/wiki/Chet_Miller
ball,Bobby,Ball,\N,\N,1925-08-26,American,http://en.wikipedia.org/wiki/Bobby_Ball_(auto_racer)
tornaco,Charles,de Tornaco,\N,\N,1927-06-07,Belgian,http://en.wikipedia.org/wiki/Charles_de_Tornaco
laurent,Roger,Laurent,\N,\N,1913-02-21,Belgian,http://en.wikipedia.org/wiki/Roger_Laurent
obrien,Robert,O'Brien,\N,\N,1908-04-11,American,http://en.wikipedia.org/wiki/Robert_O%27Brien_(auto_racer)
gaze,Tony,Gaze,\N,\N,1920-02-03,Australian,http://en.wikipedia.org/wiki/Tony_Gaze
charrington,Robin,Montgomerie-Charrington,\N,\N,1915-06-23,British,http://en.wikipedia.org/wiki/Robin_Montgomerie-Charrington
comotti,Franco,Comotti,\N,\N,1906-07-24,Italian,http://en.wikipedia.org/wiki/Franco_Comotti
etancelin,Philippe,Étancelin,\N,\N,1896-12-28,French,http://en.wikipedia.org/wiki/Philippe_%C3%89tancelin
poore,Dennis,Poore,\N,\N,1916-08-19,British,http://en.wikipedia.org/wiki/Dennis_Poore
thompson,Eric,Thompson,\N,\N,1919-11-04,British,http://en.wikipedia.org/wiki/Eric_Thompson_(racing_driver)
downing,Ken,Downing,\N,\N,1917-12-05,British,http://en.wikipedia.org/wiki/Ken_Downing
graham_whitehead,Graham,Whitehead,\N,\N,1922-04-15,British,http://en.wikipedia.org/wiki/Graham_Whitehead
bianco,Gino,Bianco,\N,\N,1916-07-22,Brazilian,http://en.wikipedia.org/wiki/Gino_Bianco
murray,David,Murray,\N,\N,1909-12-28,British,http://en.wikipedia.org/wiki/David_Murray_(driver)
cantoni,Eitel,Cantoni,\N,\N,1906-10-04,Uruguayan,http://en.wikipedia.org/wiki/Eitel_Cantoni
aston,Bill,Aston,\N,\N,1900-03-29,British,http://en.wikipedia.org/wiki/Bill_Aston
brudes,Adolf,Brudes,\N,\N,1899-10-15,German,http://en.wikipedia.org/wiki/Adolf_Brudes
riess,Fritz,Riess,\N,\N,1922-07-11,German,http://en.wikipedia.org/wiki/Fritz_Riess
niedermayr,Helmut,Niedermayr,\N,\N,1915-11-29,German,http://en.wikipedia.org/wiki/Helmut_Niedermayr
klenk,Hans,Klenk,\N,\N,1919-10-28,German,http://en.wikipedia.org/wiki/Hans_Klenk
balsa,Marcel,Balsa,\N,\N,1909-01-01,French,http://en.wikipedia.org/wiki/Marcel_Balsa
schoeller,Rudolf,Schoeller,\N,\N,1902-04-27,Swiss,http://en.wikipedia.org/wiki/Rudolf_Schoeller
pietsch,Paul,Pietsch,\N,\N,1911-06-20,German,http://en.wikipedia.org/wiki/Paul_Pietsch
peters,Josef,Peters,\N,\N,1914-09-16,German,http://en.wikipedia.org/wiki/Josef_Peters_(driver)
lof,Dries,van der Lof,\N,\N,1919-08-23,Dutch,http://en.wikipedia.org/wiki/Dries_van_der_Lof
flinterman,Jan,Flinterman,\N,\N,1919-10-02,Dutch,http://en.wikipedia.org/wiki/Jan_Flinterman
dusio,Piero,Dusio,\N,\N,1899-10-13,Italian,http://en.wikipedia.org/wiki/Piero_Dusio
crespo,Alberto,Crespo,\N,\N,1920-01-16,Argentine,http://en.wikipedia.org/wiki/Alberto_Crespo
rol,Franco,Rol,\N,\N,1908-06-05,Italian,http://en.wikipedia.org/wiki/Franco_Rol
sanesi,Consalvo,Sanesi,\N,\N,1911-03-28,Italian,http://en.wikipedia.org/wiki/Consalvo_Sanesi
guy_mairesse,Guy,Mairesse,\N,\N,1910-08-10,French,http://en.wikipedia.org/wiki/Guy_Mairesse
louveau,Henri,Louveau,\N,\N,1910-01-25,French,http://en.wikipedia.org/wiki/Henri_Louveau
wallard,Lee,Wallard,\N,\N,1910-09-07,American,http://en.wikipedia.org/wiki/Lee_Wallard
forberg,Carl,Forberg,\N,\N,1911-03-04,American,http://en.wikipedia.org/wiki/Carl_Forberg
rose,Mauri,Rose,\N,\N,1906-05-26,American,http://en.wikipedia.org/wiki/Mauri_Rose
mackey,Bill,Mackey,\N,\N,1927-12-15,American,http://en.wikipedia.org/wiki/Bill_Mackey
green,Cecil,Green,\N,\N,1919-09-30,American,http://en.wikipedia.org/wiki/Cecil_Green
walt_brown,Walt,Brown,\N,\N,1911-12-30,American,http://en.wikipedia.org/wiki/Walt_Brown_(auto_racer)
hellings,Mack,Hellings,\N,\N,1915-09-14,American,http://en.wikipedia.org/wiki/Mack_Hellings
levegh,Pierre,Levegh,\N,\N,1905-12-22,French,http://en.wikipedia.org/wiki/Pierre_Levegh
chaboud,Eugène,Chaboud,\N,\N,1907-04-12,French,http://en.wikipedia.org/wiki/Eug%C3%A8ne_Chaboud
gordini,Aldo,Gordini,\N,\N,1921-05-20,French,http://en.wikipedia.org/wiki/Aldo_Gordini
kelly,Joe,Kelly,\N,\N,1913-03-13,Irish,http://en.wikipedia.org/wiki/Joe_Kelly_(Formula_One)
parker,Philip,Fotheringham-Parker,\N,\N,1907-09-22,British,http://en.wikipedia.org/wiki/Philip_Fotheringham-Parker
shawe_taylor,Brian,Shawe Taylor,\N,\N,1915-01-28,British,http://en.wikipedia.org/wiki/Brian_Shawe_Taylor
john_james,John,James,\N,\N,1914-05-10,British,http://en.wikipedia.org/wiki/John_James_(auto_racer)
branca,Toni,Branca,\N,\N,1916-09-15,Swiss,http://en.wikipedia.org/wiki/Toni_Branca
richardson,Ken,Richardson,\N,\N,1911-08-21,British,http://en.wikipedia.org/wiki/Ken_Richardson_(race_car_driver)
jover,Juan,Jover,\N,\N,1903-11-23,Spanish,http://en.wikipedia.org/wiki/Juan_Jover
grignard,Georges,Grignard,\N,\N,1905-07-25,French,http://en.wikipedia.org/wiki/Georges_Grignard
hampshire,David,Hampshire,\N,\N,1917-12-29,British,http://en.wikipedia.org/wiki/David_Hampshire
crossley,Geoff,Crossley,\N,\N,1921-05-11,British,http://en.wikipedia.org/wiki/Geoff_Crossley
fagioli,Luigi,Fagioli,\N,\N,1898-06-09,Italian,http://en.wikipedia.org/wiki/Luigi_Fagioli
harrison,Cuth,Harrison,\N,\N,1906-07-06,British,http://en.wikipedia.org/wiki/Cuth_Harrison
fry,Joe,Fry,\N,\N,1915-10-26,British,http://en.wikipedia.org/wiki/Joe_Fry
martin,Eugène,Martin,\N,\N,1915-03-24,French,http://en.wikipedia.org/wiki/Eug%C3%A8ne_Martin
leslie_johnson,Leslie,Johnson,\N,\N,1912-03-22,British,http://en.wikipedia.org/wiki/Leslie_Johnson_(racing_driver)
biondetti,Clemente,Biondetti,\N,\N,1898-08-18,Italian,http://en.wikipedia.org/wiki/Clemente_Biondetti
pian,Alfredo,Pián,\N,\N,1912-10-21,Argentine,http://en.wikipedia.org/wiki/Alfredo_Pi%C3%A0n
sommer,Raymond,Sommer,\N,\N,1906-08-31,French,http://en.wikipedia.org/wiki/Raymond_Sommer
chitwood,Joie,Chitwood,\N,\N,1912-04-14,American,http://en.wikipedia.org/wiki/Joie_Chitwood
fohr,Myron,Fohr,\N,\N,1912-06-17,American,http://en.wikipedia.org/wiki/Myron_Fohr
ader,Walt,Ader,\N,\N,1913-12-15,American,http://en.wikipedia.org/wiki/Walt_Ader
holmes,Jackie,Holmes,\N,\N,1920-09-04,American,http://en.wikipedia.org/wiki/Jackie_Holmes
levrett,Bayliss,Levrett,\N,\N,1914-02-14,American,http://en.wikipedia.org/wiki/Bayliss_Levrett
jackson,Jimmy,Jackson,\N,\N,1910-07-25,American,http://en.wikipedia.org/wiki/Jimmy_Jackson_(driver)
pagani,Nello,Pagani,\N,\N,1911-10-11,Italian,http://en.wikipedia.org/wiki/Nello_Pagani
pozzi,Charles,Pozzi,\N,\N,1909-08-27,French,http://en.wikipedia.org/wiki/Charles_Pozzi
serafini,Dorino,Serafini,\N,\N,1909-07-22,Italian,http://en.wikipedia.org/wiki/Dorino_Serafini
cantrell,Bill,Cantrell,\N,\N,1908-01-31,American,http://en.wikipedia.org/wiki/William_Cantrell
mantz,Johnny,Mantz,\N,\N,1918-09-18,American,http://en.wikipedia.org/wiki/Johnny_Mantz
kladis,Danny,Kladis,\N,\N,1917-02-10,American,http://en.wikipedia.org/wiki/Danny_Kladis
oscar_gonzalez,Óscar,González,\N,\N,1923-11-10,Uruguayan,http://en.wikipedia.org/wiki/%C3%93scar_Gonz%C3%A1lez_(racing_driver)
hulkenberg,Nico,Hülkenberg,HUL,27,1987-08-19,German,http://en.wikipedia.org/wiki/Nico_H%C3%BClkenberg
petrov,Vitaly,Petrov,PET,\N,1984-09-08,Russian,http://en.wikipedia.org/wiki/Vitaly_Petrov
grassi,Lucas,di Grassi,DIG,\N,1984-08-11,Brazilian,http://en.wikipedia.org/wiki/Lucas_di_Grassi
bruno_senna,Bruno,Senna,SEN,\N,1983-10-15,Brazilian,http://en.wikipedia.org/wiki/Bruno_Senna
chandhok,Karun,Chandhok,CHA,\N,1984-01-19,Indian,http://en.wikipedia.org/wiki/Karun_Chandhok
maldonado,Pastor,Maldonado,MAL,13,1985-03-09,Venezuelan,http://en.wikipedia.org/wiki/Pastor_Maldonado
resta,Paul,di Resta,DIR,40,1986-04-16,British,http://en.wikipedia.org/wiki/Paul_di_Resta
perez,Sergio,Pérez,PER,11,1990-01-26,Mexican,http://en.wikipedia.org/wiki/Sergio_P%C3%A9rez
ambrosio,Jérôme,d'Ambrosio,DAM,\N,1985-12-27,Belgian,http://en.wikipedia.org/wiki/J%C3%A9r%C3%B4me_d%27Ambrosio
ricciardo,Daniel,Ricciardo,RIC,3,1989-07-01,Australian,http://en.wikipedia.org/wiki/Daniel_Ricciardo
vergne,Jean-Éric,Vergne,VER,25,1990-04-25,French,http://en.wikipedia.org/wiki/Jean-%C3%89ric_Vergne
pic,Charles,Pic,PIC,\N,1990-02-15,French,http://en.wikipedia.org/wiki/Charles_Pic
chilton,Max,Chilton,CHI,4,1991-04-21,British,http://en.wikipedia.org/wiki/Max_Chilton
gutierrez,Esteban,Gutiérrez,GUT,21,1991-08-05,Mexican,http://en.wikipedia.org/wiki/Esteban_Guti%C3%A9rrez
bottas,Valtteri,Bottas,BOT,77,1989-08-28,Finnish,http://en.wikipedia.org/wiki/Valtteri_Bottas
garde,Giedo,van der Garde,VDG,\N,1985-04-25,Dutch,http://en.wikipedia.org/wiki/Giedo_van_der_Garde
jules_bianchi,Jules,Bianchi,BIA,17,1989-08-03,French,http://en.wikipedia.org/wiki/Jules_Bianchi
kevin_magnussen,Kevin,Magnussen,MAG,20,1992-10-05,Danish,http://en.wikipedia.org/wiki/Kevin_Magnussen
kvyat,Daniil,Kvyat,KVY,26,1994-04-26,Russian,http://en.wikipedia.org/wiki/Daniil_Kvyat
lotterer,André,Lotterer,LOT,45,1981-11-19,German,http://en.wikipedia.org/wiki/Andr%C3%A9_Lotterer
ericsson,Marcus,Ericsson,ERI,9,1990-09-02,Swedish,http://en.wikipedia.org/wiki/Marcus_Ericsson
stevens,Will,Stevens,STE,28,1991-06-28,British,http://en.wikipedia.org/wiki/Will_Stevens
max_verstappen,Max,Verstappen,VER,33,1997-09-30,Dutch,http://en.wikipedia.org/wiki/Max_Verstappen
nasr,Felipe,Nasr,NAS,12,1992-08-21,Brazilian,http://en.wikipedia.org/wiki/Felipe_Nasr
sainz,Carlos,Sainz,SAI,55,1994-09-01,Spanish,http://en.wikipedia.org/wiki/Carlos_Sainz_Jr.
merhi,Roberto,Merhi,MER,98,1991-03-22,Spanish,http://en.wikipedia.org/wiki/Roberto_Merhi
rossi,Alexander,Rossi,RSS,53,1991-09-25,American,http://en.wikipedia.org/wiki/Alexander_Rossi_%28racing_driver%29
jolyon_palmer,Jolyon,Palmer,PAL,30,1991-01-20,British,http://en.wikipedia.org/wiki/Jolyon_Palmer
wehrlein,Pascal,Wehrlein,WEH,94,1994-10-18,German,http://en.wikipedia.org/wiki/Pascal_Wehrlein
haryanto,Rio,Haryanto,HAR,88,1993-01-22,Indonesian,http://en.wikipedia.org/wiki/Rio_Haryanto
vandoorne,Stoffel,Vandoorne,VAN,2,1992-03-26,Belgian,http://en.wikipedia.org/wiki/Stoffel_Vandoorne
ocon,Esteban,Ocon,OCO,31,1996-09-17,French,http://en.wikipedia.org/wiki/Esteban_Ocon
stroll,Lance,Stroll,STR,18,1998-10-29,Canadian,http://en.wikipedia.org/wiki/Lance_Stroll
giovinazzi,Antonio,Giovinazzi,GIO,99,1993-12-14,Italian,http://en.wikipedia.org/wiki/Antonio_Giovinazzi
brendon_hartley,Brendon,Hartley,HAR,28,1989-11-10,New Zealander,http://en.wikipedia.org/wiki/Brendon_Hartley
leclerc,Charles,Leclerc,LEC,16,1997-10-16,Monegasque,http://en.wikipedia.org/wiki/Charles_Leclerc
sirotkin,Sergey,Sirotkin,SIR,35,1995-08-27,Russian,http://en.wikipedia.org/wiki/Sergey_Sirotkin_(racing_driver)
norris,Lando,Norris,NOR,4,1999-11-13,British,http://en.wikipedia.org/wiki/Lando_Norris
russell,George,Russell,RUS,63,1998-02-15,British,http://en.wikipedia.org/wiki/George_Russell_(racing_driver)
albon,Alexander,Albon,ALB,23,1996-03-23,Thai,http://en.wikipedia.org/wiki/Alexander_Albon
latifi,Nicholas,Latifi,LAT,6,1995-06-29,Canadian,http://en.wikipedia.org/wiki/Nicholas_Latifi
pietro_fittipaldi,Pietro,Fittipaldi,FIT,51,1996-06-25,Brazilian,http://en.wikipedia.org/wiki/Pietro_Fittipaldi
aitken,Jack,Aitken,AIT,89,1995-09-23,British,http://en.wikipedia.org/wiki/Jack_Aitken
tsunoda,Yuki,Tsunoda,TSU,22,2000-05-11,Japanese,http://en.wikipedia.org/wiki/Yuki_Tsunoda
mazepin,Nikita,Mazepin,MAZ,9,1999-03-02,Russian,http://en.wikipedia.org/wiki/Nikita_Mazepin
mick_schumacher,Mick,Schumacher,MSC,47,1999-03-22,German,http://en.wikipedia.org/wiki/Mick_Schumacher
zhou,Guanyu,Zhou,ZHO,24,1999-05-30,Chinese,http://en.wikipedia.org/wiki/Zhou_Guanyu
de_vries,Nyck,de Vries,DEV,21,1995-02-06,Dutch,http://en.wikipedia.org/wiki/Nyck_de_Vries
piastri,Oscar,Piastri,PIA,81,2001-04-06,Australian,http://en.wikipedia.org/wiki/Oscar_Piastri
sargeant,Logan,Sargeant,SAR,2,2000-12-31,American,http://en.wikipedia.org/wiki/Logan_Sargeant
lawson,Liam,Lawson,LAW,30,2002-02-11,New Zealander,http://en.wikipedia.org/wiki/Liam_Lawson
bearman,Oliver,Bearman,BEA,38,2005-05-08,British,http://en.wikipedia.org/wiki/Oliver_Bearman
colapinto,Franco,Colapinto,COL,43,2003-05-27,Argentinian ,http://en.wikipedia.org/wiki/Franco_Colapinto
doohan,Jack,Doohan,DOO,61,2003-01-20,Australian,http://en.wikipedia.org/wiki/Jack_Doohan
